ktotal,kBell,kGHZ,TotalRate,TotalRateBell,TotalRateGHZ
1,0,0,0,0,0
1,0,1,0,0,0
1,1,0,0.0897082359496239,0.0897082359496239,0
2,0,0,0,0,0
2,0,1,0,0,0
2,0,2,0.37098780298921,0,0.37098780298921
2,1,0,0.0860796195648714,0.0860796195648714,0
2,1,1,0.0910087543776571,0.0910087543776571,0
2,2,0,0.395256841579154,0.395256841579154,0
3,0,0,0,0,0
3,0,1,0,0,0
3,0,2,0.41797324836419,0,0.41797324836419
3,0,3,0.782922821156877,0,0.782922821156877
3,1,0,0.0908136216173584,0.0908136216173584,0
3,1,1,0.125700918705218,0.125700918705218,0
3,1,2,0.5302419445006,0.137697997187918,0.392543947312682
3,2,0,0.411152587628105,0.411152587628105,0
3,2,1,0.549917938796494,0.549917938796494,0
3,3,0,0.837998677510541,0.837998677510541,0
4,0,0,0,0,0
4,0,1,0,0,0
4,0,2,0.431584499103791,0,0.431584499103791
4,0,3,0.643231543031681,0,0.643231543031681
4,0,4,1.03526698679066,0,1.03526698679066
4,1,0,0.120285340337217,0.120285340337217,0
4,1,1,0.0895221618274336,0.0895221618274336,0
4,1,2,0.486902068544013,0.105977740571409,0.380924327972604
4,1,3,0.804419072929453,0.124631349915703,0.67978772301375
4,2,0,0.462950517345309,0.462950517345309,0
4,2,1,0.367956763474179,0.367956763474179,0
4,2,2,0.81102688561313,0.418373856311115,0.392653029302015
4,3,0,0.870408207152302,0.870408207152302,0
4,3,1,0.885412386877,0.885412386877,0
4,4,0,1.21418068469852,1.21418068469852,0
5,0,0,0,0,0
5,0,1,0,0,0
5,0,2,0.42390313393698,0,0.42390313393698
5,0,3,0.639567273542942,0,0.639567273542942
5,0,4,1.15420944813616,0,1.15420944813616
5,0,5,1.4623104930254,0,1.4623104930254
5,1,0,0.0980282794741231,0.0980282794741231,0
5,1,1,0.115989359461892,0.115989359461892,0
5,1,2,0.557449687438671,0.117993091549907,0.439456595888764
5,1,3,0.767685884921694,0.0642405678274181,0.703445317094276
5,1,4,1.23890351603044,0.111691788745369,1.12721172728507
5,2,0,0.488760647731464,0.488760647731464,0
5,2,1,0.511107810436289,0.511107810436289,0
5,2,2,0.79519966601304,0.418312368340892,0.376887297672147
5,2,3,1.09433740190333,0.458803416915381,0.635533984987946
5,3,0,0.851982649175949,0.851982649175949,0
5,3,1,0.914252536525171,0.914252536525171,0
5,3,2,1.31624711959464,0.930289894818194,0.385957224776449
5,4,0,1.28230957060271,1.28230957060271,0
5,4,1,1.25688251603551,1.25688251603551,0
5,5,0,1.74637421554772,1.74637421554772,0
6,0,0,0,0,0
6,0,1,0,0,0
6,0,2,0.360853589112984,0,0.360853589112984
6,0,3,0.670967352911295,0,0.670967352911295
6,0,4,1.08488262686606,0,1.08488262686606
6,0,5,1.52389326919357,0,1.52389326919357
6,0,6,1.81876416563925,0,1.81876416563925
6,1,0,0.121412431274034,0.121412431274034,0
6,1,1,0.0879760666796324,0.0879760666796324,0
6,1,2,0.539686010411687,0.119811455688165,0.419874554723522
6,1,3,0.795234756244621,0.113968107416419,0.681266648828202
6,1,4,1.35305713616924,0.133513315247772,1.21954382092146
6,1,5,1.55289534302267,0.0700523687839404,1.48284297423873
6,2,0,0.425414134572831,0.425414134572831,0
6,2,1,0.367265585089554,0.367265585089554,0
6,2,2,0.792226202343278,0.418892078627388,0.37333412371589
6,2,3,1.04208571075007,0.409401998842404,0.63268371190767
6,2,4,1.5656354135884,0.44241640781199,1.12321900577641
6,3,0,0.82426882671335,0.82426882671335,0
6,3,1,0.854920692141165,0.854920692141165,0
6,3,2,1.226901534395,0.841400792951258,0.385500741443743
6,3,3,1.58832670973818,0.992651345690098,0.595675364048087
6,4,0,1.18671957295604,1.18671957295604,0
6,4,1,1.21939601016997,1.21939601016997,0
6,4,2,1.65123912279712,1.26337038967899,0.387868733118124
6,5,0,1.60458423509432,1.60458423509432,0
6,5,1,1.74140106344006,1.74140106344006,0
6,6,0,2.03915536544816,2.03915536544816,0
7,0,0,0,0,0
7,0,1,0,0,0
7,0,2,0.431794770674835,0,0.431794770674835
7,0,3,0.766537232680401,0,0.766537232680401
7,0,4,1.06589522450793,0,1.06589522450793
7,0,5,1.47589057856194,0,1.47589057856194
7,0,6,1.83903343767764,0,1.83903343767764
7,0,7,2.11226307373131,0,2.11226307373131
7,1,0,0.130810087953111,0.130810087953111,0
7,1,1,0.098345354188732,0.098345354188732,0
7,1,2,0.529546304344503,0.13911382574386,0.390432478600643
7,1,3,0.799285517610767,0.0848526437525143,0.714432873858253
7,1,4,1.15982926673192,0.0847721017227425,1.07505716500917
7,1,5,1.63120680323591,0.127379078042322,1.50382772519358
7,1,6,2.03195273315467,0.125683321584065,1.90626941157061
7,2,0,0.421728884796782,0.421728884796782,0
7,2,1,0.442699301800742,0.442699301800742,0
7,2,2,0.814151562922909,0.44226663277779,0.371884930145119
7,2,3,1.12361444463999,0.447629589622818,0.675984855017174
7,2,4,1.60451599183246,0.477894905110047,1.12662108672242
7,2,5,1.85639356830834,0.430271238387409,1.42612232992093
7,3,0,0.921720603368253,0.921720603368253,0
7,3,1,0.834246581651742,0.834246581651742,0
7,3,2,1.29229430690742,0.857694909348156,0.434599397559265
7,3,3,1.59784951885334,0.885902613161691,0.711946905691649
7,3,4,1.90478724972863,0.834111619836051,1.07067562989258
7,4,0,1.25595997269925,1.25595997269925,0
7,4,1,1.20205655703368,1.20205655703368,0
7,4,2,1.68643787719142,1.30982486861182,0.376613008579602
7,4,3,1.88513880642249,1.14620029801743,0.738938508405051
7,5,0,1.68882856777012,1.68882856777012,0
7,5,1,1.70600915004855,1.70600915004855,0
7,5,2,1.93269038804697,1.57005491159379,0.362635476453181
7,6,0,2.08655273720686,2.08655273720686,0
7,6,1,2.04483960547535,2.04483960547535,0
7,7,0,2.49244508031812,2.49244508031812,0
8,0,0,0,0,0
8,0,1,0,0,0
8,0,2,0.351874724309901,0,0.351874724309901
8,0,3,0.626018521178178,0,0.626018521178178
8,0,4,1.11367654832854,0,1.11367654832854
8,0,5,1.4490482124151,0,1.4490482124151
8,0,6,1.79775756032863,0,1.79775756032863
8,0,7,2.18872631994443,0,2.18872631994443
8,0,8,2.72331912552348,0,2.72331912552348
8,1,0,0.169352257812511,0.169352257812511,0
8,1,1,0.0907937078491983,0.0907937078491983,0
8,1,2,0.457367115879489,0.104985012867435,0.352382103012054
8,1,3,0.78536347299979,0.117284493660022,0.668078979339767
8,1,4,1.14121235377319,0.0794542538812304,1.06175809989196
8,1,5,1.65875815523995,0.115230417182129,1.54352773805782
8,1,6,1.96133346510145,0.148541707181486,1.81279175791996
8,1,7,2.39169005106256,0.115094210835624,2.27659584022693
8,2,0,0.450152254664318,0.450152254664318,0
8,2,1,0.421962656274398,0.421962656274398,0
8,2,2,0.855628423656452,0.450323620314785,0.405304803341667
8,2,3,1.20473541898845,0.479723247377139,0.725012171611314
8,2,4,1.52116384346488,0.47088908585116,1.05027475761372
8,2,5,1.94292902519223,0.458479437257642,1.48444958793458
8,2,6,2.36098841622821,0.479212160468984,1.88177625575922
8,3,0,0.889365477925857,0.889365477925857,0
8,3,1,0.851387840809189,0.851387840809189,0
8,3,2,1.21579887306096,0.842371447174122,0.373427425886834
8,3,3,1.45592225888719,0.816706528837206,0.639215730049989
8,3,4,1.97365337518865,0.869465549932102,1.10418782525655
8,3,5,2.36891703792173,0.84450102812805,1.52441600979367
8,4,0,1.21844135150715,1.21844135150715,0
8,4,1,1.2462003569813,1.2462003569813,0
8,4,2,1.6307762077398,1.26960188209709,0.361174325642707
8,4,3,2.00926559337201,1.23419906832265,0.775066525049362
8,4,4,2.36935635808751,1.2567826474777,1.11257371060981
8,5,0,1.66410399619249,1.66410399619249,0
8,5,1,1.59828368864492,1.59828368864492,0
8,5,2,2.02312167323578,1.62604429183534,0.397077381400442
8,5,3,2.39104978189533,1.61043946977057,0.78061031212476
8,6,0,2.10452781930393,2.10452781930393,0
8,6,1,2.13333469157576,2.13333469157576,0
8,6,2,2.4415667362012,2.07302542810387,0.36854130809733
8,7,0,2.51707935937341,2.51707935937341,0
8,7,1,2.57898887138985,2.57898887138985,0
8,8,0,2.98649295141283,2.98649295141283,0
9,0,0,0,0,0
9,0,1,0,0,0
9,0,2,0.378008419913894,0,0.378008419913894
9,0,3,0.725051906023162,0,0.725051906023162
9,0,4,1.16410189723745,0,1.16410189723745
9,0,5,1.47452156373867,0,1.47452156373867
9,0,6,1.97362788617039,0,1.97362788617039
9,0,7,2.26143460731712,0,2.26143460731712
9,0,8,2.61923130788187,0,2.61923130788187
9,0,9,3.02494365871032,0,3.02494365871032
9,1,0,0.123041187526428,0.123041187526428,0
9,1,1,0.117115037562816,0.117115037562816,0
9,1,2,0.533376996716252,0.124025890569121,0.409351106147132
9,1,3,0.777969685433424,0.125523305370423,0.652446380063001
9,1,4,1.20988839044248,0.125358289215592,1.08453010122688
9,1,5,1.51067561293118,0.121514021958109,1.38916159097307
9,1,6,1.9598612104773,0.0754631418023788,1.88439806867492
9,1,7,2.40896588546454,0.119159984785428,2.28980590067912
9,1,8,2.64989285351023,0.132359829658699,2.51753302385153
9,2,0,0.414676801287444,0.414676801287444,0
9,2,1,0.418462341598597,0.418462341598597,0
9,2,2,0.768499496415427,0.417902458963342,0.350597037452085
9,2,3,1.1470721879689,0.359410757690804,0.787661430278097
9,2,4,1.55237001577245,0.496174762584371,1.05619525318808
9,2,5,1.90198169075194,0.454383681122601,1.44759800962933
9,2,6,2.26739130836773,0.394077652090863,1.87331365627687
9,2,7,2.66522638960772,0.38181528305718,2.28341110655054
9,3,0,0.890503561556759,0.890503561556759,0
9,3,1,0.863784007855639,0.863784007855639,0
9,3,2,1.21755805416301,0.85294264086712,0.364615413295889
9,3,3,1.4607618491245,0.83840404434022,0.622357804784279
9,3,4,1.88630315697115,0.868865871182771,1.01743728578838
9,3,5,2.36376148258081,0.870567138665961,1.49319434391485
9,3,6,2.75363240456133,0.856870352872159,1.89676205168917
9,4,0,1.23418649374419,1.23418649374419,0
9,4,1,1.27226558793987,1.27226558793987,0
9,4,2,1.70904838731621,1.24466679615282,0.464381591163384
9,4,3,1.90807497761299,1.20892977630885,0.69914520130414
9,4,4,2.32070074192867,1.23985516887041,1.08084557305825
9,4,5,2.72168854791764,1.23123522215105,1.49045332576659
9,5,0,1.60266242473421,1.60266242473421,0
9,5,1,1.62959578726671,1.62959578726671,0
9,5,2,1.92349448227482,1.58537635779092,0.338118124483894
9,5,3,2.2929764478913,1.57616465984344,0.716811788047859
9,5,4,2.75075036420139,1.65097933412674,1.09977103007464
9,6,0,2.06788646223877,2.06788646223877,0
9,6,1,2.11848121281204,2.11848121281204,0
9,6,2,2.50381578802118,2.08531136842193,0.418504419599248
9,6,3,2.78170281472095,2.06912004539652,0.712582769324432
9,7,0,2.48927883034482,2.48927883034482,0
9,7,1,2.46141325418975,2.46141325418975,0
9,7,2,2.99533108414679,2.6111546333632,0.384176450783582
9,8,0,2.87701914511539,2.87701914511539,0
9,8,1,2.9410222054631,2.9410222054631,0
9,9,0,3.36477057832464,3.36477057832464,0
10,0,0,0,0,0
10,0,1,0,0,0
10,0,2,0.375327704949745,0,0.375327704949745
10,0,3,0.681515871690233,0,0.681515871690233
10,0,4,1.10139906239864,0,1.10139906239864
10,0,5,1.49823891609149,0,1.49823891609149
10,0,6,1.84086672196842,0,1.84086672196842
10,0,7,2.26956564685454,0,2.26956564685454
10,0,8,2.59704452772839,0,2.59704452772839
10,0,9,2.97257425787902,0,2.97257425787902
10,0,10,3.40364629536244,0,3.40364629536244
10,1,0,0.121355335619902,0.121355335619902,0
10,1,1,0.117621542948359,0.117621542948359,0
10,1,2,0.544318991134168,0.108651743135593,0.435667247998575
10,1,3,0.828009429386188,0.139130845258617,0.688878584127571
10,1,4,1.25567112220843,0.0605228931607719,1.19514822904766
10,1,5,1.6524190972204,0.118887834362118,1.53353126285828
10,1,6,1.96413267515993,0.111415136282768,1.85271753887716
10,1,7,2.40430330380272,0.139556132489468,2.26474717131325
10,1,8,2.76146034939089,0.111212179725668,2.65024816966522
10,1,9,3.0768536385827,0.125411770167169,2.95144186841553
10,2,0,0.398052590669417,0.398052590669417,0
10,2,1,0.476002071966424,0.476002071966424,0
10,2,2,0.802173398735333,0.426357525377974,0.375815873357359
10,2,3,1.15053971135714,0.458435266561152,0.692104444795984
10,2,4,1.63978967567856,0.471274074185476,1.16851560149308
10,2,5,2.10376962059569,0.491617331296522,1.61215228929916
10,2,6,2.27737211893676,0.43377618681581,1.84359593212095
10,2,7,2.61462629342163,0.406663406480181,2.20796288694145
10,2,8,2.9800033596561,0.367554493207657,2.61244886644844
10,3,0,0.859194528111108,0.859194528111108,0
10,3,1,0.900377487953616,0.900377487953616,0
10,3,2,1.23140419404193,0.852418852034649,0.378985342007282
10,3,3,1.60845323386741,0.92981555431274,0.678637679554666
10,3,4,1.98649518146101,0.843985766574146,1.14250941488687
10,3,5,2.21280970263445,0.829833042603759,1.38297666003069
10,3,6,2.63230358497798,0.819235843684503,1.81306774129348
10,3,7,3.15038057967539,0.811610324917181,2.33877025475821
10,4,0,1.29554957486808,1.29554957486808,0
10,4,1,1.15886720827113,1.15886720827113,0
10,4,2,1.63877863001538,1.26046797553319,0.378310654482191
10,4,3,1.96208129337165,1.24790418886858,0.714177104503066
10,4,4,2.4147513175161,1.2445648196417,1.1701864978744
10,4,5,2.90924792478609,1.28656046706096,1.62268745772513
10,4,6,3.03442938117109,1.26408363264783,1.77034574852326
10,5,0,1.75103952108124,1.75103952108124,0
10,5,1,1.70371781711654,1.70371781711654,0
10,5,2,2.0011166537217,1.6023870777908,0.398729575930904
10,5,3,2.20592401242414,1.54724603583693,0.658677976587216
10,5,4,2.79494591224951,1.70847218405387,1.08647372819564
10,5,5,3.20990533912923,1.66590106207566,1.54400427705357
10,6,0,2.10106974719115,2.10106974719115,0
10,6,1,2.13427445336765,2.13427445336765,0
10,6,2,2.56095283302541,2.17567702176108,0.385275811264328
10,6,3,2.85587297628431,2.16979208619022,0.686080890094089
10,6,4,3.19707173867911,2.11334153877026,1.08373019990885
10,7,0,2.37240766558303,2.37240766558303,0
10,7,1,2.53631746981799,2.53631746981799,0
10,7,2,2.92958255384867,2.58800098959163,0.341581564257041
10,7,3,3.30677944333421,2.64453118713217,0.66224825620204
10,8,0,2.93545417297112,2.93545417297112,0
10,8,1,2.99740496728926,2.99740496728926,0
10,8,2,3.38190258908715,3.00253707652415,0.379365512562998
10,9,0,3.45004887352969,3.45004887352969,0
10,9,1,3.2891526464212,3.2891526464212,0
10,10,0,3.98879851534596,3.98879851534596,0
11,0,0,0,0,0
11,0,1,0,0,0
11,0,2,0.443541511430203,0,0.443541511430203
11,0,3,0.607903815785719,0,0.607903815785719
11,0,4,1.16168508563787,0,1.16168508563787
11,0,5,1.53704753964211,0,1.53704753964211
11,0,6,1.91263850228329,0,1.91263850228329
11,0,7,2.31948205770424,0,2.31948205770424
11,0,8,2.77225326659735,0,2.77225326659735
11,0,9,3.06996921245304,0,3.06996921245304
11,0,10,3.48813156964776,0,3.48813156964776
11,0,11,3.83960636538217,0,3.83960636538217
11,1,0,0.0757088271197064,0.0757088271197064,0
11,1,1,0.110850343889267,0.110850343889267,0
11,1,2,0.480907525841553,0.0979592701286628,0.38294825571289
11,1,3,0.948178052915708,0.150206331506309,0.797971721409399
11,1,4,1.21660975214211,0.112588615380864,1.10402113676124
11,1,5,1.65472811759636,0.117593150025301,1.53713496757106
11,1,6,1.90252053636344,0.105904621296078,1.79661591506736
11,1,7,2.44716491832425,0.107452278605484,2.33971263971876
11,1,8,2.5964108143915,0.108448514850671,2.48796229954083
11,1,9,3.15018351674329,0.111125732932175,3.03905778381111
11,1,10,3.66225936132494,0.127278482739853,3.53498087858509
11,2,0,0.497045592420175,0.497045592420175,0
11,2,1,0.433900292190413,0.433900292190413,0
11,2,2,0.831247479130975,0.46681876128953,0.364428717841445
11,2,3,1.17173021981437,0.510782556020794,0.660947663793578
11,2,4,1.59097629787351,0.513582074173826,1.07739422369969
11,2,5,1.88498350104458,0.454591465178742,1.43039203586584
11,2,6,2.31044220306437,0.398204802066805,1.91223740099757
11,2,7,2.55871383828457,0.430469584712885,2.12824425357168
11,2,8,3.10058557493119,0.446253040482377,2.65433253444881
11,2,9,3.26347743885952,0.446481417678148,2.81699602118137
11,3,0,0.849761689778857,0.849761689778857,0
11,3,1,0.868710774408981,0.868710774408981,0
11,3,2,1.3065480402033,0.920834121321783,0.385713918881517
11,3,3,1.55967125676443,0.835728137244357,0.723943119520069
11,3,4,1.86245029836241,0.809967005194253,1.05248329316815
11,3,5,2.33598030123769,0.903951393308386,1.4320289079293
11,3,6,2.83799316477301,0.897190787717001,1.94080237705601
11,3,7,3.13615520644912,0.886156092795769,2.24999911365335
11,3,8,3.57883568976891,0.885593909300772,2.69324178046814
11,4,0,1.20733777596301,1.20733777596301,0
11,4,1,1.24544487084052,1.24544487084052,0
11,4,2,1.63356450408862,1.24969805892562,0.383866445163002
11,4,3,1.95280686415608,1.21712473795233,0.735682126203751
11,4,4,2.35560946901465,1.21687387900595,1.1387355900087
11,4,5,2.66085876990647,1.29612613407619,1.36473263583028
11,4,6,2.98877859370099,1.15432541146589,1.8344531822351
11,4,7,3.54601788902624,1.27110156813461,2.27491632089163
11,5,0,1.68218444724213,1.68218444724213,0
11,5,1,1.69118371723521,1.69118371723521,0
11,5,2,2.05832685162883,1.6192029420055,0.439123909623325
11,5,3,2.23961510520969,1.58564686021509,0.653968244994607
11,5,4,2.73532271215597,1.63200507138875,1.10331764076722
11,5,5,3.12440395542023,1.6860180609736,1.43838589444663
11,5,6,3.58392458199892,1.70821083368413,1.87571374831479
11,6,0,2.22981547797924,2.22981547797924,0
11,6,1,2.20878283891185,2.20878283891185,0
11,6,2,2.45977455158802,2.0808391284575,0.378935423130512
11,6,3,2.85309335019311,2.07840694446344,0.774686405729666
11,6,4,3.24132917158983,2.14463266670359,1.09669650488624
11,6,5,3.62681898261261,2.12859616525019,1.49822281736241
11,7,0,2.56641103103206,2.56641103103206,0
11,7,1,2.56580458866923,2.56580458866923,0
11,7,2,2.90280735407482,2.50049938720111,0.402307966873704
11,7,3,3.37259662325419,2.65724499721533,0.715351626038862
11,7,4,3.65912798465607,2.55541400366891,1.10371398098716
11,8,0,2.89831297893504,2.89831297893504,0
11,8,1,2.9099491037766,2.9099491037766,0
11,8,2,3.34901608122201,2.90400374887248,0.445012332349527
11,8,3,3.49427669053381,2.78576555073303,0.708511139800779
11,9,0,3.35531603891847,3.35531603891847,0
11,9,1,3.41003255272738,3.41003255272738,0
11,9,2,3.90142947693892,3.46186065403344,0.439568822905479
11,10,0,3.88902143120955,3.88902143120955,0
11,10,1,3.83713772807827,3.83713772807827,0
11,11,0,4.20464434930243,4.20464434930243,0
12,0,0,0,0,0
12,0,1,0,0,0
12,0,2,0.393811830083076,0,0.393811830083076
12,0,3,0.727094920265979,0,0.727094920265979
12,0,4,1.08916433925122,0,1.08916433925122
12,0,5,1.44943911622631,0,1.44943911622631
12,0,6,1.76046305602289,0,1.76046305602289
12,0,7,2.2523015236471,0,2.2523015236471
12,0,8,2.74756443821257,0,2.74756443821257
12,0,9,3.08042584911734,0,3.08042584911734
12,0,10,3.54489109758718,0,3.54489109758718
12,0,11,3.67643184800225,0,3.67643184800225
12,0,12,4.2746677765481,0,4.2746677765481
12,1,0,0.134621946194578,0.134621946194578,0
12,1,1,0.12814860118186,0.12814860118186,0
12,1,2,0.456568904567792,0.117695460950473,0.338873443617319
12,1,3,0.934880226438343,0.140711096585397,0.794169129852946
12,1,4,1.16424457516448,0.137519393723565,1.02672518144092
12,1,5,1.63144848964571,0.12019243531138,1.51125605433433
12,1,6,1.9229990144042,0.101052595163558,1.82194641924065
12,1,7,2.30090510243265,0.124220524031752,2.1766845784009
12,1,8,2.76270270775221,0.110901669472861,2.65180103827935
12,1,9,3.29442371122941,0.112361876449347,3.18206183478006
12,1,10,3.52488234964612,0.121880642018436,3.40300170762768
12,1,11,4.0803516569116,0.0844095909102389,3.99594206600136
12,2,0,0.471134426498941,0.471134426498941,0
12,2,1,0.496918899049256,0.496918899049256,0
12,2,2,0.843214638977018,0.489322540314079,0.353892098662939
12,2,3,1.18341821440315,0.449655557582132,0.73376265682102
12,2,4,1.5970713529215,0.479997726562939,1.11707362635856
12,2,5,1.81983039426577,0.437664313210097,1.38216608105567
12,2,6,2.2966718946352,0.472461550025132,1.82421034461007
12,2,7,2.5700077828073,0.383005394357396,2.18700238844991
12,2,8,3.23985828802601,0.46273570403984,2.77712258398617
12,2,9,3.43149381788749,0.389630689600045,3.04186312828745
12,2,10,3.81897052555906,0.427690846396693,3.39127967916237
12,3,0,0.919778036820689,0.919778036820689,0
12,3,1,0.813580468569499,0.813580468569499,0
12,3,2,1.30149472389859,0.929033485758443,0.372461238140151
12,3,3,1.58594712087486,0.809826303646243,0.776120817228613
12,3,4,1.97154918854312,0.823960241655727,1.14758894688739
12,3,5,2.42583050010289,0.939250463108723,1.48658003699417
12,3,6,2.76569145411062,0.916661469572553,1.84902998453807
12,3,7,3.13399356055497,0.844436904907932,2.28955665564704
12,3,8,3.55037913128552,0.815374985438418,2.7350041458471
12,3,9,3.76589077626838,0.804027724175501,2.96186305209288
12,4,0,1.27390428415846,1.27390428415846,0
12,4,1,1.31840409924941,1.31840409924941,0
12,4,2,1.58932467224318,1.17599923759826,0.413325434644919
12,4,3,1.92612977531279,1.26056002939947,0.665569745913312
12,4,4,2.38621555160606,1.30358287201142,1.08263267959464
12,4,5,2.72270072646408,1.16670565087623,1.55599507558785
12,4,6,3.11078555713113,1.23061310996514,1.88017244716599
12,4,7,3.37952631026654,1.11313698187987,2.26638932838667
12,4,8,3.7940042655851,1.24284667553549,2.55115759004961
12,5,0,1.64156475776228,1.64156475776228,0
12,5,1,1.69441918046668,1.69441918046668,0
12,5,2,2.10608114525408,1.70466650195624,0.401414643297843
12,5,3,2.33562939279959,1.66929784848657,0.666331544313026
12,5,4,2.71867745954023,1.67697011801666,1.04170734152357
12,5,5,3.21943087338769,1.67032831548386,1.54910255790382
12,5,6,3.58951308638106,1.67931367821185,1.91019940816921
12,5,7,4.04477119068594,1.68312236342974,2.3616488272562
12,6,0,2.22377031499273,2.22377031499273,0
12,6,1,2.03731489921753,2.03731489921753,0
12,6,2,2.56844131756592,2.14457840002953,0.423862917536388
12,6,3,2.73231875160228,2.0356519544403,0.696666797161983
12,6,4,3.25325508571751,2.19225728137001,1.06099780434749
12,6,5,3.64693159911622,2.1119112962686,1.53502030284761
12,6,6,4.00672723747665,2.10674991962114,1.89997731785552
12,7,0,2.59102299938029,2.59102299938029,0
12,7,1,2.56269498478922,2.56269498478922,0
12,7,2,3.01477729846949,2.60122533174025,0.413551966729242
12,7,3,3.16185689792289,2.49004934087568,0.671807557047213
12,7,4,3.52689011692243,2.50391614861264,1.0229739683098
12,7,5,3.9244484114042,2.52049740660388,1.40395100480033
12,8,0,3.03323198341454,3.03323198341454,0
12,8,1,2.99969898336411,2.99969898336411,0
12,8,2,3.31560925625209,2.97494576506711,0.340663491184976
12,8,3,3.59942150735072,2.85696989580793,0.742451611542791
12,8,4,4.06793144082102,2.96987831155089,1.09805312927014
12,9,0,3.22441048200535,3.22441048200535,0
12,9,1,3.40628228670967,3.40628228670967,0
12,9,2,3.71778117362962,3.32384611220492,0.393935061424698
12,9,3,4.14046125659246,3.40656381736438,0.73389743922808
12,10,0,3.88508219784024,3.88508219784024,0
12,10,1,3.89770124809445,3.89770124809445,0
12,10,2,4.36411549992958,3.92210206487314,0.442013435056438
12,11,0,4.25073946885939,4.25073946885939,0
12,11,1,4.16127140050698,4.16127140050698,0
12,12,0,4.68041212917893,4.68041212917893,0
13,0,0,0,0,0
13,0,1,0,0,0
13,0,2,0.426569470353296,0,0.426569470353296
13,0,3,0.717242882866862,0,0.717242882866862
13,0,4,1.05347222942129,0,1.05347222942129
13,0,5,1.51015597338986,0,1.51015597338986
13,0,6,1.8287232039075,0,1.8287232039075
13,0,7,2.21432323270072,0,2.21432323270072
13,0,8,2.70020368278254,0,2.70020368278254
13,0,9,3.15224057230017,0,3.15224057230017
13,0,10,3.4763172791679,0,3.4763172791679
13,0,11,3.68033412218333,0,3.68033412218333
13,0,12,4.21037292296414,0,4.21037292296414
13,0,13,4.68321535579671,0,4.68321535579671
13,1,0,0.0990433521266353,0.0990433521266353,0
13,1,1,0.0796408886601563,0.0796408886601563,0
13,1,2,0.489572084826893,0.144299706666202,0.345272378160691
13,1,3,0.807498009216882,0.0844244804207107,0.723073528796171
13,1,4,1.21296281260822,0.139168712141478,1.07379410046674
13,1,5,1.55378339430486,0.113684552967221,1.44009884133763
13,1,6,1.84431570370003,0.13385749969753,1.7104582040025
13,1,7,2.31787318591782,0.0870487196798742,2.23082446623794
13,1,8,2.69479939998776,0.113695345596603,2.58110405439116
13,1,9,3.11796761693228,0.134819932828132,2.98314768410415
13,1,10,3.488376867614,0.111148084736845,3.37722878287716
13,1,11,3.97767509127601,0.125380367980623,3.85229472329539
13,1,12,4.4726055619242,0.102210317313776,4.37039524461042
13,2,0,0.433956566659457,0.433956566659457,0
13,2,1,0.489221790200488,0.489221790200488,0
13,2,2,0.862433264375101,0.471836459685115,0.390596804689986
13,2,3,1.09012317238408,0.446330118964955,0.643793053419127
13,2,4,1.47856226677414,0.402541711219579,1.07602055555456
13,2,5,1.83425144366922,0.429903591777128,1.40434785189209
13,2,6,2.25809301309426,0.451857210520772,1.80623580257349
13,2,7,2.68115230035632,0.389943140289343,2.29120916006698
13,2,8,3.02074089126574,0.479375196673029,2.54136569459271
13,2,9,3.42366452977471,0.439392879121933,2.98427165065278
13,2,10,3.92657179940993,0.501374491807049,3.42519730760288
13,2,11,4.44659330277883,0.507577147864426,3.93901615491441
13,3,0,0.785163245437259,0.785163245437259,0
13,3,1,0.841433588211547,0.841433588211547,0
13,3,2,1.30363007428189,0.8585307537107,0.445099320571192
13,3,3,1.47219876818048,0.782416550145054,0.689782218035427
13,3,4,1.92595480014831,0.843441172949262,1.08251362719905
13,3,5,2.4220193466216,0.852455844139089,1.56956350248251
13,3,6,2.82071287522238,0.919986620018066,1.90072625520431
13,3,7,2.95966736512854,0.765212296784674,2.19445506834387
13,3,8,3.49414175306662,0.889851755827163,2.60428999723946
13,3,9,3.96149174442664,0.873965759115444,3.0875259853112
13,3,10,4.30537059525679,0.895608268436112,3.40976232682068
13,4,0,1.38377198897697,1.38377198897697,0
13,4,1,1.21118635433178,1.21118635433178,0
13,4,2,1.61110380590182,1.19904355074007,0.41206025516175
13,4,3,1.92994687850962,1.21744096813174,0.712505910377874
13,4,4,2.34899975276579,1.22028580979725,1.12871394296854
13,4,5,2.83251329745123,1.27995814675996,1.55255515069126
13,4,6,3.02593788143584,1.25285097192873,1.77308690950711
13,4,7,3.43895014281318,1.24391849741418,2.195031645399
13,4,8,3.88132744862824,1.22918662144351,2.65214082718472
13,4,9,4.28150598424069,1.2407134100754,3.04079257416529
13,5,0,1.66707303272036,1.66707303272036,0
13,5,1,1.66577366775205,1.66577366775205,0
13,5,2,2.0383486980094,1.67477656542335,0.363572132586051
13,5,3,2.35329556531075,1.71022169757156,0.643073867739192
13,5,4,2.80266519874724,1.66398750311296,1.13867769563429
13,5,5,3.02482405982397,1.60626210874337,1.4185619510806
13,5,6,3.44315530939762,1.58993459961462,1.853220709783
13,5,7,4.0359910592879,1.7031979757205,2.3327930835674
13,5,8,4.29030717329795,1.67869686746364,2.61161030583431
13,6,0,2.150738203953,2.150738203953,0
13,6,1,2.09661236573577,2.09661236573577,0
13,6,2,2.55584295975681,2.15286977881991,0.4029731809369
13,6,3,2.88361356900729,2.18949231904965,0.694121249957639
13,6,4,3.1273495970275,2.04131740233721,1.0860321946903
13,6,5,3.57811647053951,2.09003409075754,1.48808237978197
13,6,6,3.9190776403981,2.09958445745041,1.81949318294769
13,6,7,4.27494253304902,2.0493326671788,2.22560986587022
13,7,0,2.43861853244898,2.43861853244898,0
13,7,1,2.41941529296595,2.41941529296595,0
13,7,2,2.86891454373149,2.52114855786169,0.347765985869804
13,7,3,3.17730216388651,2.50675944600492,0.670542717881596
13,7,4,3.60083473731942,2.50763530703652,1.0931994302829
13,7,5,4.16543753843348,2.57365674130913,1.59178079712436
13,7,6,4.4461443757217,2.48807874736696,1.95806562835474
13,8,0,2.97132688704625,2.97132688704625,0
13,8,1,2.9594877425289,2.9594877425289,0
13,8,2,3.28391529929183,2.8193495994023,0.464565699889529
13,8,3,3.61147746442061,2.90495325986191,0.706524204558708
13,8,4,4.13499292464625,2.96259549315719,1.17239743148906
13,8,5,4.45763826990625,2.97356031813575,1.4840779517705
13,9,0,3.28667880185974,3.28667880185974,0
13,9,1,3.40546036578715,3.40546036578715,0
13,9,2,3.69900624536825,3.27955379013317,0.419452455235079
13,9,3,4.08606961745374,3.35339147884401,0.732678138609726
13,9,4,4.4597721942634,3.36579826922159,1.09397392504181
13,10,0,3.82454576828576,3.82454576828576,0
13,10,1,3.70739022784117,3.70739022784117,0
13,10,2,4.1444196142385,3.72466578512072,0.419753829117782
13,10,3,4.57332410468261,3.84926070757356,0.724063397109043
13,11,0,4.12921678749299,4.12921678749299,0
13,11,1,4.35664349117571,4.35664349117571,0
13,11,2,4.72483851197043,4.33241210377857,0.392426408191862
13,12,0,4.73678586292984,4.73678586292984,0
13,12,1,4.56376135408088,4.56376135408088,0
13,13,0,5.19590587141216,5.19590587141216,0
14,0,0,0,0,0
14,0,1,0,0,0
14,0,2,0.341453798173162,0,0.341453798173162
14,0,3,0.617602960015097,0,0.617602960015097
14,0,4,1.02455847206404,0,1.02455847206404
14,0,5,1.51132575815999,0,1.51132575815999
14,0,6,1.72796383630798,0,1.72796383630798
14,0,7,2.40159171614645,0,2.40159171614645
14,0,8,2.7647083851341,0,2.7647083851341
14,0,9,3.04742548717857,0,3.04742548717857
14,0,10,3.35581014106092,0,3.35581014106092
14,0,11,3.85836935223658,0,3.85836935223658
14,0,12,4.26283790080853,0,4.26283790080853
14,0,13,4.54529095792395,0,4.54529095792395
14,0,14,5.09251921849756,0,5.09251921849756
14,1,0,0.137605716817178,0.137605716817178,0
14,1,1,0.108839143663573,0.108839143663573,0
14,1,2,0.475737910995299,0.0725910636642251,0.403146847331074
14,1,3,0.83852273237629,0.131968233543691,0.706554498832599
14,1,4,1.31714615767084,0.129579573657699,1.18756658401314
14,1,5,1.6701495382894,0.0993801053425035,1.57076943294689
14,1,6,2.01550763905502,0.162628788242072,1.85287885081295
14,1,7,2.30104846926608,0.141161004844602,2.15988746442147
14,1,8,2.71563906067083,0.0820193019663684,2.63361975870446
14,1,9,3.13771496295938,0.109794582919839,3.02792038003954
14,1,10,3.65504730653529,0.0963718164436829,3.55867549009161
14,1,11,3.89360009068129,0.132100478578907,3.76149961210238
14,1,12,4.37081548553432,0.0921637123723487,4.27865177316197
14,1,13,4.95892604127641,0.124669511526696,4.83425652974972
14,2,0,0.454741944112407,0.454741944112407,0
14,2,1,0.492456536140638,0.492456536140638,0
14,2,2,0.825907942668183,0.426166950632224,0.399740992035958
14,2,3,1.16824514028239,0.413780883513151,0.754464256769241
14,2,4,1.6191286380555,0.483822552495698,1.13530608555981
14,2,5,1.89364473607821,0.422244680127761,1.47140005595045
14,2,6,2.30167823591818,0.480715160508713,1.82096307540947
14,2,7,2.66825976376545,0.454384419657715,2.21387534410774
14,2,8,3.16162694527485,0.434417078273607,2.72720986700124
14,2,9,3.53831119400929,0.421552536249941,3.11675865775935
14,2,10,3.86703708047202,0.437510756200864,3.42952632427116
14,2,11,4.41524355839303,0.496832798644862,3.91841075974817
14,2,12,4.58851003517465,0.429689470397718,4.15882056477693
14,3,0,0.950815506079605,0.950815506079605,0
14,3,1,0.930916942603035,0.930916942603035,0
14,3,2,1.24372691840309,0.883965254650431,0.359761663752662
14,3,3,1.57067769098643,0.895076857466208,0.675600833520222
14,3,4,1.98387223151395,0.886747421860396,1.09712480965356
14,3,5,2.31955528734556,0.859260516305608,1.46029477103995
14,3,6,2.78198975562682,0.857012502184362,1.92497725344246
14,3,7,3.21528796252172,0.922843368015606,2.29244459450611
14,3,8,3.43199099576968,0.796487138255479,2.6355038575142
14,3,9,3.95816535787882,0.892551415427537,3.06561394245128
14,3,10,4.2670358694213,0.857846607310878,3.40918926211042
14,3,11,4.71076791054006,0.904500499846185,3.80626741069388
14,4,0,1.17195413018453,1.17195413018453,0
14,4,1,1.29763721755902,1.29763721755902,0
14,4,2,1.70494185813441,1.30662150559939,0.398320352535014
14,4,3,1.95775845675332,1.21063201441573,0.747126442337592
14,4,4,2.35644566478331,1.24825726669904,1.10818839808427
14,4,5,2.71953968275226,1.18338142540345,1.53615825734881
14,4,6,3.08018983813049,1.28322789879736,1.79696193933313
14,4,7,3.44090196927575,1.26351333228407,2.17738863699168
14,4,8,3.9282687147188,1.20232668494451,2.72594202977429
14,4,9,4.1883221782935,1.14695866431812,3.04136351397538
14,4,10,4.61969784644311,1.2617435686343,3.35795427780881
14,5,0,1.61747348620091,1.61747348620091,0
14,5,1,1.68203266128809,1.68203266128809,0
14,5,2,2.13549803306721,1.67103889291181,0.464459140155405
14,5,3,2.32972482064713,1.59564283405552,0.734081986591617
14,5,4,2.74572295949445,1.6732707453338,1.07245221416066
14,5,5,2.98766118089786,1.57818301066494,1.40947817023292
14,5,6,3.39675341193049,1.59744979479162,1.79930361713887
14,5,7,4.03252181767528,1.70940495798471,2.32311685969058
14,5,8,4.35218873379566,1.76123846370173,2.59095027009393
14,5,9,4.78063776421023,1.66221319706045,3.11842456714978
14,6,0,2.02154189692113,2.02154189692113,0
14,6,1,2.15562027093839,2.15562027093839,0
14,6,2,2.49748323534217,2.05355060991181,0.443932625430358
14,6,3,2.9786783367977,2.22136882904764,0.757309507750063
14,6,4,3.24996902492013,2.13628197354998,1.11368705137015
14,6,5,3.48067399857554,2.1727420695766,1.30793192899894
14,6,6,3.82504729158775,2.00668446135968,1.81836283022807
14,6,7,4.37684627912326,2.09263370540002,2.28421257372324
14,6,8,4.53581180402954,1.9932109122773,2.54260089175225
14,7,0,2.41685886664265,2.41685886664265,0
14,7,1,2.49365780494582,2.49365780494582,0
14,7,2,2.8841369349529,2.44260080854983,0.441536126403064
14,7,3,3.05792504539794,2.40791320257922,0.65001184281872
14,7,4,3.51960983847166,2.44668812122104,1.07292171725062
14,7,5,3.89952838946519,2.40613429660648,1.49339409285871
14,7,6,4.51839896693687,2.51132419986091,2.00707476707597
14,7,7,4.76070187278014,2.57667678072038,2.18402509205977
14,8,0,2.92957010119283,2.92957010119283,0
14,8,1,2.96065823715923,2.96065823715923,0
14,8,2,3.39915640518958,3.05167475334924,0.347481651840339
14,8,3,3.72606970232015,2.98751467015033,0.738555032169819
14,8,4,4.06788507275092,2.92412842516168,1.14375664758924
14,8,5,4.16894084340707,2.74794060628989,1.42100023711718
14,8,6,4.83037103069591,2.98554579676874,1.84482523392717
14,9,0,3.28401579859067,3.28401579859067,0
14,9,1,3.36991838995112,3.36991838995112,0
14,9,2,3.83018754240246,3.402029903036,0.428157639366462
14,9,3,4.15015563666523,3.42753947528137,0.722616161383861
14,9,4,4.47577121255348,3.3674772425109,1.10829397004257
14,9,5,5.0698882848329,3.51016157582745,1.55972670900544
14,10,0,3.87779745790853,3.87779745790853,0
14,10,1,3.88887412836536,3.88887412836536,0
14,10,2,4.24688189104115,3.86330512273495,0.383576768306198
14,10,3,4.51531515487501,3.8409774175584,0.674337737316608
14,10,4,5.05066415418229,3.89075649778249,1.1599076563998
14,11,0,4.21624690272301,4.21624690272301,0
14,11,1,4.06478403005124,4.06478403005124,0
14,11,2,4.77560120046922,4.33380401763049,0.441797182838726
14,11,3,4.87106947483843,4.1817777958926,0.689291678945824
14,12,0,4.69699023401941,4.69699023401941,0
14,12,1,4.68864624962924,4.68864624962924,0
14,12,2,5.10042664284108,4.71190532698334,0.388521315857733
14,13,0,5.14208309176065,5.14208309176065,0
14,13,1,5.18950258337858,5.18950258337858,0
14,14,0,5.55231007050546,5.55231007050546,0
15,0,0,0,0,0
15,0,1,0,0,0
15,0,2,0.401160348891649,0,0.401160348891649
15,0,3,0.674248796771261,0,0.674248796771261
15,0,4,1.08933625870514,0,1.08933625870514
15,0,5,1.56325809811437,0,1.56325809811437
15,0,6,1.74120064491546,0,1.74120064491546
15,0,7,2.25730337273372,0,2.25730337273372
15,0,8,2.60031602109063,0,2.60031602109063
15,0,9,3.04300232345093,0,3.04300232345093
15,0,10,3.37241031606694,0,3.37241031606694
15,0,11,3.83721886578655,0,3.83721886578655
15,0,12,4.07556841254754,0,4.07556841254754
15,0,13,4.71112485994981,0,4.71112485994981
15,0,14,5.02162166933083,0,5.02162166933083
15,0,15,5.58072515647283,0,5.58072515647283
15,1,0,0.111086913732144,0.111086913732144,0
15,1,1,0.103288489943605,0.103288489943605,0
15,1,2,0.512481876047311,0.132799202761094,0.379682673286217
15,1,3,0.78335741784364,0.150213200259777,0.633144217583863
15,1,4,1.2623196105366,0.12525672348728,1.13706288704932
15,1,5,1.51774125499983,0.151346591280442,1.36639466371938
15,1,6,1.90988880617974,0.125608216011924,1.78428059016782
15,1,7,2.39192187235324,0.141535557251358,2.25038631510188
15,1,8,2.80027451393913,0.127009109370766,2.67326540456837
15,1,9,3.08062073290885,0.136493357070032,2.94412737583882
15,1,10,3.5480960797323,0.118953453904196,3.4291426258281
15,1,11,3.87953641717869,0.119265719556185,3.7602706976225
15,1,12,4.28133739870799,0.118757009674581,4.16258038903341
15,1,13,4.6853092861409,0.085811660123341,4.59949762601756
15,1,14,5.05558498519825,0.148948256672083,4.90663672852616
15,2,0,0.379367578559739,0.379367578559739,0
15,2,1,0.414147599182355,0.414147599182355,0
15,2,2,0.81726343687949,0.409746253746548,0.407517183132942
15,2,3,1.17367545504834,0.471121356546247,0.702554098502098
15,2,4,1.61154076224707,0.502871635790625,1.10866912645644
15,2,5,1.78492852249789,0.395145748205522,1.38978277429237
15,2,6,2.28404599032645,0.443995158550747,1.84005083177571
15,2,7,2.75250618893273,0.509825688728284,2.24268050020445
15,2,8,3.09744998675115,0.442079608440841,2.65537037831031
15,2,9,3.52659915687025,0.356483754242012,3.17011540262824
15,2,10,3.9191248910656,0.423027024695105,3.4960978663705
15,2,11,4.30316966752364,0.471683993038818,3.83148567448482
15,2,12,4.59769334062356,0.405783026323301,4.19191031430026
15,2,13,5.14403933869111,0.368353396429587,4.77568594226152
15,3,0,0.843305625223067,0.843305625223067,0
15,3,1,0.824312310715009,0.824312310715009,0
15,3,2,1.21751737586233,0.853614167523829,0.3639032083385
15,3,3,1.59290149247355,0.868056879657257,0.724844612816295
15,3,4,1.98003550329589,0.860287420363995,1.11974808293189
15,3,5,2.43573535858334,0.924572257920129,1.51116310066321
15,3,6,2.78581105404358,0.92422505278594,1.86158600125764
15,3,7,2.8560884662438,0.722490304533211,2.13359816171059
15,3,8,3.5400445031314,0.879851559341444,2.66019294378996
15,3,9,3.95637099955277,0.899840859090718,3.05653014046205
15,3,10,4.2478597840349,0.790742080945469,3.45711770308943
15,3,11,4.51831055342985,0.884620071878797,3.63369048155105
15,3,12,5.2460464409766,0.935350077834278,4.31069636314232
15,4,0,1.22400962833155,1.22400962833155,0
15,4,1,1.40445924217127,1.40445924217127,0
15,4,2,1.60250425501641,1.21340957949835,0.389094675518058
15,4,3,1.93780495166808,1.24954768577921,0.688257265888868
15,4,4,2.28035231772538,1.20654366525611,1.07380865246927
15,4,5,2.64616216582879,1.18387893209793,1.46228323373085
15,4,6,3.1464428688595,1.32764026311594,1.81880260574356
15,4,7,3.61627067255189,1.37921332546338,2.23705734708851
15,4,8,3.78781635398132,1.21816500284976,2.56965135113156
15,4,9,4.3672325053255,1.27875417849261,3.08847832683288
15,4,10,4.78300623864273,1.21414316879761,3.56886306984512
15,4,11,5.13702349026792,1.29117695172793,3.84584653853999
15,5,0,1.64899922314426,1.64899922314426,0
15,5,1,1.58669110736205,1.58669110736205,0
15,5,2,1.99445832653985,1.62601281255949,0.368445513980359
15,5,3,2.35568103715928,1.71193876388528,0.643742273274003
15,5,4,2.7739356296307,1.66113790987192,1.11279771975877
15,5,5,2.97985868549428,1.59239308828272,1.38746559721156
15,5,6,3.59529389327683,1.69036957175103,1.9049243215258
15,5,7,4.04697910544254,1.7250341816368,2.32194492380573
15,5,8,4.25394952234911,1.62090812266762,2.63304139968149
15,5,9,4.66170824565407,1.6963638905402,2.96534435511387
15,5,10,5.03221572940421,1.6543842947903,3.37783143461391
15,6,0,2.07041273798154,2.07041273798154,0
15,6,1,2.05436019398736,2.05436019398736,0
15,6,2,2.4318395595792,2.03583101541891,0.396008544160284
15,6,3,2.69018302808183,2.03642358615083,0.653759441930998
15,6,4,3.24635811901152,2.09356681633203,1.15279130267949
15,6,5,3.64347761000043,2.0774688753938,1.56600873460663
15,6,6,3.94589417341228,2.08161467391774,1.86427949949454
15,6,7,4.25505031368889,2.01434442604398,2.24070588764491
15,6,8,4.66642641471606,2.02562612308795,2.64080029162811
15,6,9,5.20494334981668,2.1703527067457,3.03459064307098
15,7,0,2.40059060088542,2.40059060088542,0
15,7,1,2.59842463185769,2.59842463185769,0
15,7,2,2.80199774300118,2.43405382479635,0.367943918204834
15,7,3,3.25498763709176,2.53312593996269,0.721861697129075
15,7,4,3.6415988952635,2.58783445046007,1.05376444480343
15,7,5,4.09239381520793,2.63315328517049,1.45924053003745
15,7,6,4.21490212003314,2.43028695808852,1.78461516194462
15,7,7,4.7781085091591,2.50566077089126,2.27244773826784
15,7,8,5.07574873764896,2.48110566223222,2.59464307541674
15,8,0,2.93493585756603,2.93493585756603,0
15,8,1,2.87329721743339,2.87329721743339,0
15,8,2,3.38983972241827,2.9785142294421,0.411325492976164
15,8,3,3.67697486355911,2.94245732948414,0.734517534074967
15,8,4,3.97037868064059,2.8640414266161,1.10633725402449
15,8,5,4.61192072027564,3.08847573302284,1.5234449872528
15,8,6,4.62027609629643,2.8016335670674,1.81864252922903
15,8,7,5.06046108808001,2.82657501276298,2.23388607531703
15,9,0,3.30084212176064,3.30084212176064,0
15,9,1,3.50439325517837,3.50439325517837,0
15,9,2,3.72427463572488,3.35210626611371,0.372168369611173
15,9,3,4.17366982679768,3.41805543203737,0.755614394760311
15,9,4,4.38319799919948,3.34148201013203,1.04171598906745
15,9,5,4.90904220637278,3.44619188703189,1.46285031934088
15,9,6,5.18348312041066,3.37938386594151,1.80409925446916
15,10,0,3.77006931236425,3.77006931236425,0
15,10,1,3.79842880203725,3.79842880203725,0
15,10,2,4.19508967910223,3.78866227299834,0.406427406103888
15,10,3,4.54875170912314,3.89534332382007,0.653408385303071
15,10,4,4.75197781524966,3.71359844757918,1.03837936767048
15,10,5,5.1498630623304,3.69072441752337,1.45913864480702
15,11,0,4.24571399812379,4.24571399812379,0
15,11,1,4.39378758209695,4.39378758209695,0
15,11,2,4.5069783991149,4.11113443345922,0.395843965655676
15,11,3,4.90767910646585,4.12661015259675,0.7810689538691
15,11,4,5.18866638556188,4.06991496319623,1.11875142236565
15,12,0,4.60052144576115,4.60052144576115,0
15,12,1,4.58682898941098,4.58682898941098,0
15,12,2,4.96659899639196,4.63770503618433,0.328893960207623
15,12,3,5.14327731628344,4.44248512429211,0.70079219199133
15,13,0,5.22491733027971,5.22491733027971,0
15,13,1,5.02243597518028,5.02243597518028,0
15,13,2,5.44462316464258,5.05610729741576,0.388515867226814
15,14,0,5.58476311000392,5.58476311000392,0
15,14,1,5.38868729907133,5.38868729907133,0
15,15,0,6.05693842096695,6.05693842096695,0
