kSW,kGHZ,kBell,kA,kD,rateSum,rateGHZ,rateBell
1,0,1,0,0,0,0,0
1,1,0,0,0,0,0,0
2,0,2,0,1,0.113125763468843,0,0.113125763468843
2,1,1,0,0,0,0,0
2,2,0,0,0,0,0,0
3,0,3,0,1,0.113125763468843,0,0.113125763468843
3,1,2,0,1,0.113125763468843,0,0.113125763468843
3,2,1,0,0,0,0,0
3,3,0,1,0,0,0,0
4,0,4,0,2,0.435745424410378,0,0.435745424410378
4,1,3,0,1,0.113125763468843,0,0.113125763468843
4,2,2,0,1,0.113125763468843,0,0.113125763468843
4,3,1,1,0,0,0,0
4,4,0,1,0,0,0,0
5,0,5,0,2,0.435745424410378,0,0.435745424410378
5,1,4,0,2,0.435745424410378,0,0.435745424410378
5,2,3,0,1,0.113125763468843,0,0.113125763468843
5,3,2,1,1,0.113125763468843,0,0.113125763468843
5,4,1,1,0,0,0,0
5,5,0,1,0,0,0,0
6,0,6,0,3,0.863198605973166,0,0.863198605973166
6,1,5,0,2,0.435745424410378,0,0.435745424410378
6,2,4,0,2,0.435745424410378,0,0.435745424410378
6,3,3,1,1,0.113125763468843,0,0.113125763468843
6,4,2,1,1,0.113125763468843,0,0.113125763468843
6,5,1,1,0,0,0,0
6,6,0,2,0,0.412960517107589,0.412960517107589,0
7,0,7,0,3,0.863198605973166,0,0.863198605973166
7,1,6,0,3,0.863198605973166,0,0.863198605973166
7,2,5,0,2,0.435745424410378,0,0.435745424410378
7,3,4,1,2,0.435745424410378,0,0.435745424410378
7,4,3,1,1,0.113125763468843,0,0.113125763468843
7,5,2,1,1,0.113125763468843,0,0.113125763468843
7,6,1,2,0,0.412960517107589,0.412960517107589,0
7,7,0,2,0,0.412960517107589,0.412960517107589,0
8,0,8,0,4,1.24857525579314,0,1.24857525579314
8,1,7,0,3,0.863198605973166,0,0.863198605973166
8,2,6,0,3,0.863198605973166,0,0.863198605973166
8,3,5,1,2,0.435745424410378,0,0.435745424410378
8,4,4,1,2,0.435745424410378,0,0.435745424410378
8,5,3,1,1,0.113125763468843,0,0.113125763468843
8,6,2,2,1,0.526086280576432,0.412960517107589,0.113125763468843
8,7,1,2,0,0.412960517107589,0.412960517107589,0
8,8,0,2,0,0.412960517107589,0.412960517107589,0
9,0,9,0,4,1.24857525579314,0,1.24857525579314
9,1,8,0,4,1.24857525579314,0,1.24857525579314
9,2,7,0,3,0.863198605973166,0,0.863198605973166
9,3,6,1,3,0.863198605973166,0,0.863198605973166
9,4,5,1,2,0.435745424410378,0,0.435745424410378
9,5,4,1,2,0.435745424410378,0,0.435745424410378
9,6,3,2,1,0.526086280576432,0.412960517107589,0.113125763468843
9,7,2,2,1,0.526086280576432,0.412960517107589,0.113125763468843
9,8,1,2,0,0.412960517107589,0.412960517107589,0
9,9,0,3,0,0.729984568755643,0.729984568755643,0
10,0,10,0,5,1.65016088744874,0,1.65016088744874
10,1,9,0,4,1.24857525579314,0,1.24857525579314
10,2,8,0,4,1.24857525579314,0,1.24857525579314
10,3,7,1,3,0.863198605973166,0,0.863198605973166
10,4,6,1,3,0.863198605973166,0,0.863198605973166
10,5,5,1,2,0.435745424410378,0,0.435745424410378
10,6,4,2,2,0.848705941517967,0.412960517107589,0.435745424410378
10,7,3,2,1,0.526086280576432,0.412960517107589,0.113125763468843
10,8,2,2,1,0.526086280576432,0.412960517107589,0.113125763468843
10,9,1,3,0,0.729984568755643,0.729984568755643,0
10,10,0,3,0,0.729984568755643,0.729984568755643,0
11,0,11,0,5,1.65016088744874,0,1.65016088744874
11,1,10,0,5,1.65016088744874,0,1.65016088744874
11,2,9,0,4,1.24857525579314,0,1.24857525579314
11,3,8,1,4,1.24857525579314,0,1.24857525579314
11,4,7,1,3,0.863198605973166,0,0.863198605973166
11,5,6,1,3,0.863198605973166,0,0.863198605973166
11,6,5,2,2,0.848705941517967,0.412960517107589,0.435745424410378
11,7,4,2,2,0.848705941517967,0.412960517107589,0.435745424410378
11,8,3,2,1,0.526086280576432,0.412960517107589,0.113125763468843
11,9,2,3,1,0.843110332224486,0.729984568755643,0.113125763468843
11,10,1,3,0,0.729984568755643,0.729984568755643,0
11,11,0,3,0,0.729984568755643,0.729984568755643,0
12,0,12,0,6,2.09233464067478,0,2.09233464067478
12,1,11,0,5,1.65016088744874,0,1.65016088744874
12,2,10,0,5,1.65016088744874,0,1.65016088744874
12,3,9,1,4,1.24857525579314,0,1.24857525579314
12,4,8,1,4,1.24857525579314,0,1.24857525579314
12,5,7,1,3,0.863198605973166,0,0.863198605973166
12,6,6,2,3,1.27615912308075,0.412960517107589,0.863198605973166
12,7,5,2,2,0.848705941517967,0.412960517107589,0.435745424410378
12,8,4,2,2,0.848705941517967,0.412960517107589,0.435745424410378
12,9,3,3,1,0.843110332224486,0.729984568755643,0.113125763468843
12,10,2,3,1,0.843110332224486,0.729984568755643,0.113125763468843
12,11,1,3,0,0.729984568755643,0.729984568755643,0
12,12,0,4,0,1.13310165722302,1.13310165722302,0
13,0,13,0,6,2.09233464067478,0,2.09233464067478
13,1,12,0,6,2.09233464067478,0,2.09233464067478
13,2,11,0,5,1.65016088744874,0,1.65016088744874
13,3,10,1,5,1.65016088744874,0,1.65016088744874
13,4,9,1,4,1.24857525579314,0,1.24857525579314
13,5,8,1,4,1.24857525579314,0,1.24857525579314
13,6,7,2,3,1.27615912308075,0.412960517107589,0.863198605973166
13,7,6,2,3,1.27615912308075,0.412960517107589,0.863198605973166
13,8,5,2,2,0.848705941517967,0.412960517107589,0.435745424410378
13,9,4,3,2,1.16572999316602,0.729984568755643,0.435745424410378
13,10,3,3,1,0.843110332224486,0.729984568755643,0.113125763468843
13,11,2,3,1,0.843110332224486,0.729984568755643,0.113125763468843
13,12,1,4,0,1.13310165722302,1.13310165722302,0
13,13,0,4,0,1.13310165722302,1.13310165722302,0
14,0,14,0,7,2.51879985387614,0,2.51879985387614
14,1,13,0,6,2.09233464067478,0,2.09233464067478
14,2,12,0,6,2.09233464067478,0,2.09233464067478
14,3,11,1,5,1.65016088744874,0,1.65016088744874
14,4,10,1,5,1.65016088744874,0,1.65016088744874
14,5,9,1,4,1.24857525579314,0,1.24857525579314
14,6,8,2,4,1.66153577290073,0.412960517107589,1.24857525579314
14,7,7,2,3,1.27615912308075,0.412960517107589,0.863198605973166
14,8,6,2,3,1.27615912308075,0.412960517107589,0.863198605973166
14,9,5,3,2,1.16572999316602,0.729984568755643,0.435745424410378
14,10,4,3,2,1.16572999316602,0.729984568755643,0.435745424410378
14,11,3,3,1,0.843110332224486,0.729984568755643,0.113125763468843
14,12,2,4,1,1.24622742069187,1.13310165722302,0.113125763468843
14,13,1,4,0,1.13310165722302,1.13310165722302,0
14,14,0,4,0,1.13310165722302,1.13310165722302,0
15,0,15,0,7,2.51879985387614,0,2.51879985387614
15,1,14,0,7,2.51879985387614,0,2.51879985387614
15,2,13,0,6,2.09233464067478,0,2.09233464067478
15,3,12,1,6,2.09233464067478,0,2.09233464067478
15,4,11,1,5,1.65016088744874,0,1.65016088744874
15,5,10,1,5,1.65016088744874,0,1.65016088744874
15,6,9,2,4,1.66153577290073,0.412960517107589,1.24857525579314
15,7,8,2,4,1.66153577290073,0.412960517107589,1.24857525579314
15,8,7,2,3,1.27615912308075,0.412960517107589,0.863198605973166
15,9,6,3,3,1.59318317472881,0.729984568755643,0.863198605973166
15,10,5,3,2,1.16572999316602,0.729984568755643,0.435745424410378
15,11,4,3,2,1.16572999316602,0.729984568755643,0.435745424410378
15,12,3,4,1,1.24622742069187,1.13310165722302,0.113125763468843
15,13,2,4,1,1.24622742069187,1.13310165722302,0.113125763468843
15,14,1,4,0,1.13310165722302,1.13310165722302,0
15,15,0,5,0,1.53838339777949,1.53838339777949,0
16,0,16,0,8,2.93493889250537,0,2.93493889250537
16,1,15,0,7,2.51879985387614,0,2.51879985387614
16,2,14,0,7,2.51879985387614,0,2.51879985387614
16,3,13,1,6,2.09233464067478,0,2.09233464067478
16,4,12,1,6,2.09233464067478,0,2.09233464067478
16,5,11,1,5,1.65016088744874,0,1.65016088744874
16,6,10,2,5,2.06312140455633,0.412960517107589,1.65016088744874
16,7,9,2,4,1.66153577290073,0.412960517107589,1.24857525579314
16,8,8,2,4,1.66153577290073,0.412960517107589,1.24857525579314
16,9,7,3,3,1.59318317472881,0.729984568755643,0.863198605973166
16,10,6,3,3,1.59318317472881,0.729984568755643,0.863198605973166
16,11,5,3,2,1.16572999316602,0.729984568755643,0.435745424410378
16,12,4,4,2,1.5688470816334,1.13310165722302,0.435745424410378
16,13,3,4,1,1.24622742069187,1.13310165722302,0.113125763468843
16,14,2,4,1,1.24622742069187,1.13310165722302,0.113125763468843
16,15,1,5,0,1.53838339777949,1.53838339777949,0
16,16,0,5,0,1.53838339777949,1.53838339777949,0
17,0,17,0,8,2.93493889250537,0,2.93493889250537
17,1,16,0,8,2.93493889250537,0,2.93493889250537
17,2,15,0,7,2.51879985387614,0,2.51879985387614
17,3,14,1,7,2.51879985387614,0,2.51879985387614
17,4,13,1,6,2.09233464067478,0,2.09233464067478
17,5,12,1,6,2.09233464067478,0,2.09233464067478
17,6,11,2,5,2.06312140455633,0.412960517107589,1.65016088744874
17,7,10,2,5,2.06312140455633,0.412960517107589,1.65016088744874
17,8,9,2,4,1.66153577290073,0.412960517107589,1.24857525579314
17,9,8,3,4,1.97855982454878,0.729984568755643,1.24857525579314
17,10,7,3,3,1.59318317472881,0.729984568755643,0.863198605973166
17,11,6,3,3,1.59318317472881,0.729984568755643,0.863198605973166
17,12,5,4,2,1.5688470816334,1.13310165722302,0.435745424410378
17,13,4,4,2,1.5688470816334,1.13310165722302,0.435745424410378
17,14,3,4,1,1.24622742069187,1.13310165722302,0.113125763468843
17,15,2,5,1,1.65150916124833,1.53838339777949,0.113125763468843
17,16,1,5,0,1.53838339777949,1.53838339777949,0
17,17,0,5,0,1.53838339777949,1.53838339777949,0
18,0,18,0,9,3.36210727245199,0,3.36210727245199
18,1,17,0,8,2.93493889250537,0,2.93493889250537
18,2,16,0,8,2.93493889250537,0,2.93493889250537
18,3,15,1,7,2.51879985387614,0,2.51879985387614
18,4,14,1,7,2.51879985387614,0,2.51879985387614
18,5,13,1,6,2.09233464067478,0,2.09233464067478
18,6,12,2,6,2.50529515778237,0.412960517107589,2.09233464067478
18,7,11,2,5,2.06312140455633,0.412960517107589,1.65016088744874
18,8,10,2,5,2.06312140455633,0.412960517107589,1.65016088744874
18,9,9,3,4,1.97855982454878,0.729984568755643,1.24857525579314
18,10,8,3,4,1.97855982454878,0.729984568755643,1.24857525579314
18,11,7,3,3,1.59318317472881,0.729984568755643,0.863198605973166
18,12,6,4,3,1.99630026319619,1.13310165722302,0.863198605973166
18,13,5,4,2,1.5688470816334,1.13310165722302,0.435745424410378
18,14,4,4,2,1.5688470816334,1.13310165722302,0.435745424410378
18,15,3,5,1,1.65150916124833,1.53838339777949,0.113125763468843
18,16,2,5,1,1.65150916124833,1.53838339777949,0.113125763468843
18,17,1,5,0,1.53838339777949,1.53838339777949,0
18,18,0,6,0,1.8925738703109,1.8925738703109,0
19,0,19,0,9,3.36210727245199,0,3.36210727245199
19,1,18,0,9,3.36210727245199,0,3.36210727245199
19,2,17,0,8,2.93493889250537,0,2.93493889250537
19,3,16,1,8,2.93493889250537,0,2.93493889250537
19,4,15,1,7,2.51879985387614,0,2.51879985387614
19,5,14,1,7,2.51879985387614,0,2.51879985387614
19,6,13,2,6,2.50529515778237,0.412960517107589,2.09233464067478
19,7,12,2,6,2.50529515778237,0.412960517107589,2.09233464067478
19,8,11,2,5,2.06312140455633,0.412960517107589,1.65016088744874
19,9,10,3,5,2.38014545620438,0.729984568755643,1.65016088744874
19,10,9,3,4,1.97855982454878,0.729984568755643,1.24857525579314
19,11,8,3,4,1.97855982454878,0.729984568755643,1.24857525579314
19,12,7,4,3,1.99630026319619,1.13310165722302,0.863198605973166
19,13,6,4,3,1.99630026319619,1.13310165722302,0.863198605973166
19,14,5,4,2,1.5688470816334,1.13310165722302,0.435745424410378
19,15,4,5,2,1.97412882218987,1.53838339777949,0.435745424410378
19,16,3,5,1,1.65150916124833,1.53838339777949,0.113125763468843
19,17,2,5,1,1.65150916124833,1.53838339777949,0.113125763468843
19,18,1,6,0,1.8925738703109,1.8925738703109,0
19,19,0,6,0,1.8925738703109,1.8925738703109,0
20,0,20,0,10,3.80950162104097,0,3.80950162104097
20,1,19,0,9,3.36210727245199,0,3.36210727245199
20,2,18,0,9,3.36210727245199,0,3.36210727245199
20,3,17,1,8,2.93493889250537,0,2.93493889250537
20,4,16,1,8,2.93493889250537,0,2.93493889250537
20,5,15,1,7,2.51879985387614,0,2.51879985387614
20,6,14,2,7,2.93176037098372,0.412960517107589,2.51879985387614
20,7,13,2,6,2.50529515778237,0.412960517107589,2.09233464067478
20,8,12,2,6,2.50529515778237,0.412960517107589,2.09233464067478
20,9,11,3,5,2.38014545620438,0.729984568755643,1.65016088744874
20,10,10,3,5,2.38014545620438,0.729984568755643,1.65016088744874
20,11,9,3,4,1.97855982454878,0.729984568755643,1.24857525579314
20,12,8,4,4,2.38167691301616,1.13310165722302,1.24857525579314
20,13,7,4,3,1.99630026319619,1.13310165722302,0.863198605973166
20,14,6,4,3,1.99630026319619,1.13310165722302,0.863198605973166
20,15,5,5,2,1.97412882218987,1.53838339777949,0.435745424410378
20,16,4,5,2,1.97412882218987,1.53838339777949,0.435745424410378
20,17,3,5,1,1.65150916124833,1.53838339777949,0.113125763468843
20,18,2,6,1,2.00569963377974,1.8925738703109,0.113125763468843
20,19,1,6,0,1.8925738703109,1.8925738703109,0
20,20,0,6,0,1.8925738703109,1.8925738703109,0
21,0,21,0,10,3.80950162104097,0,3.80950162104097
21,1,20,0,10,3.80950162104097,0,3.80950162104097
21,2,19,0,9,3.36210727245199,0,3.36210727245199
21,3,18,1,9,3.36210727245199,0,3.36210727245199
21,4,17,1,8,2.93493889250537,0,2.93493889250537
21,5,16,1,8,2.93493889250537,0,2.93493889250537
21,6,15,2,7,2.93176037098372,0.412960517107589,2.51879985387614
21,7,14,2,7,2.93176037098372,0.412960517107589,2.51879985387614
21,8,13,2,6,2.50529515778237,0.412960517107589,2.09233464067478
21,9,12,3,6,2.82231920943042,0.729984568755643,2.09233464067478
21,10,11,3,5,2.38014545620438,0.729984568755643,1.65016088744874
21,11,10,3,5,2.38014545620438,0.729984568755643,1.65016088744874
21,12,9,4,4,2.38167691301616,1.13310165722302,1.24857525579314
21,13,8,4,4,2.38167691301616,1.13310165722302,1.24857525579314
21,14,7,4,3,1.99630026319619,1.13310165722302,0.863198605973166
21,15,6,5,3,2.40158200375265,1.53838339777949,0.863198605973166
21,16,5,5,2,1.97412882218987,1.53838339777949,0.435745424410378
21,17,4,5,2,1.97412882218987,1.53838339777949,0.435745424410378
21,18,3,6,1,2.00569963377974,1.8925738703109,0.113125763468843
21,19,2,6,1,2.00569963377974,1.8925738703109,0.113125763468843
21,20,1,6,0,1.8925738703109,1.8925738703109,0
21,21,0,7,0,2.33583604329434,2.33583604329434,0
22,0,22,0,11,4.22363422807617,0,4.22363422807617
22,1,21,0,10,3.80950162104097,0,3.80950162104097
22,2,20,0,10,3.80950162104097,0,3.80950162104097
22,3,19,1,9,3.36210727245199,0,3.36210727245199
22,4,18,1,9,3.36210727245199,0,3.36210727245199
22,5,17,1,8,2.93493889250537,0,2.93493889250537
22,6,16,2,8,3.34789940961295,0.412960517107589,2.93493889250537
22,7,15,2,7,2.93176037098372,0.412960517107589,2.51879985387614
22,8,14,2,7,2.93176037098372,0.412960517107589,2.51879985387614
22,9,13,3,6,2.82231920943042,0.729984568755643,2.09233464067478
22,10,12,3,6,2.82231920943042,0.729984568755643,2.09233464067478
22,11,11,3,5,2.38014545620438,0.729984568755643,1.65016088744874
22,12,10,4,5,2.78326254467176,1.13310165722302,1.65016088744874
22,13,9,4,4,2.38167691301616,1.13310165722302,1.24857525579314
22,14,8,4,4,2.38167691301616,1.13310165722302,1.24857525579314
22,15,7,5,3,2.40158200375265,1.53838339777949,0.863198605973166
22,16,6,5,3,2.40158200375265,1.53838339777949,0.863198605973166
22,17,5,5,2,1.97412882218987,1.53838339777949,0.435745424410378
22,18,4,6,2,2.32831929472127,1.8925738703109,0.435745424410378
22,19,3,6,1,2.00569963377974,1.8925738703109,0.113125763468843
22,20,2,6,1,2.00569963377974,1.8925738703109,0.113125763468843
22,21,1,7,0,2.33583604329434,2.33583604329434,0
22,22,0,7,0,2.33583604329434,2.33583604329434,0
23,0,23,0,11,4.22363422807617,0,4.22363422807617
23,1,22,0,11,4.22363422807617,0,4.22363422807617
23,2,21,0,10,3.80950162104097,0,3.80950162104097
23,3,20,1,10,3.80950162104097,0,3.80950162104097
23,4,19,1,9,3.36210727245199,0,3.36210727245199
23,5,18,1,9,3.36210727245199,0,3.36210727245199
23,6,17,2,8,3.34789940961295,0.412960517107589,2.93493889250537
23,7,16,2,8,3.34789940961295,0.412960517107589,2.93493889250537
23,8,15,2,7,2.93176037098372,0.412960517107589,2.51879985387614
23,9,14,3,7,3.24878442263178,0.729984568755643,2.51879985387614
23,10,13,3,6,2.82231920943042,0.729984568755643,2.09233464067478
23,11,12,3,6,2.82231920943042,0.729984568755643,2.09233464067478
23,12,11,4,5,2.78326254467176,1.13310165722302,1.65016088744874
23,13,10,4,5,2.78326254467176,1.13310165722302,1.65016088744874
23,14,9,4,4,2.38167691301616,1.13310165722302,1.24857525579314
23,15,8,5,4,2.78695865357263,1.53838339777949,1.24857525579314
23,16,7,5,3,2.40158200375265,1.53838339777949,0.863198605973166
23,17,6,5,3,2.40158200375265,1.53838339777949,0.863198605973166
23,18,5,6,2,2.32831929472127,1.8925738703109,0.435745424410378
23,19,4,6,2,2.32831929472127,1.8925738703109,0.435745424410378
23,20,3,6,1,2.00569963377974,1.8925738703109,0.113125763468843
23,21,2,7,1,2.44896180676319,2.33583604329434,0.113125763468843
23,22,1,7,0,2.33583604329434,2.33583604329434,0
23,23,0,7,0,2.33583604329434,2.33583604329434,0
24,0,24,0,12,4.65464720558293,0,4.65464720558293
24,1,23,0,11,4.22363422807617,0,4.22363422807617
24,2,22,0,11,4.22363422807617,0,4.22363422807617
24,3,21,1,10,3.80950162104097,0,3.80950162104097
24,4,20,1,10,3.80950162104097,0,3.80950162104097
24,5,19,1,9,3.36210727245199,0,3.36210727245199
24,6,18,2,9,3.77506778955958,0.412960517107589,3.36210727245199
24,7,17,2,8,3.34789940961295,0.412960517107589,2.93493889250537
24,8,16,2,8,3.34789940961295,0.412960517107589,2.93493889250537
24,9,15,3,7,3.24878442263178,0.729984568755643,2.51879985387614
24,10,14,3,7,3.24878442263178,0.729984568755643,2.51879985387614
24,11,13,3,6,2.82231920943042,0.729984568755643,2.09233464067478
24,12,12,4,6,3.2254362978978,1.13310165722302,2.09233464067478
24,13,11,4,5,2.78326254467176,1.13310165722302,1.65016088744874
24,14,10,4,5,2.78326254467176,1.13310165722302,1.65016088744874
24,15,9,5,4,2.78695865357263,1.53838339777949,1.24857525579314
24,16,8,5,4,2.78695865357263,1.53838339777949,1.24857525579314
24,17,7,5,3,2.40158200375265,1.53838339777949,0.863198605973166
24,18,6,6,3,2.75577247628406,1.8925738703109,0.863198605973166
24,19,5,6,2,2.32831929472127,1.8925738703109,0.435745424410378
24,20,4,6,2,2.32831929472127,1.8925738703109,0.435745424410378
24,21,3,7,1,2.44896180676319,2.33583604329434,0.113125763468843
24,22,2,7,1,2.44896180676319,2.33583604329434,0.113125763468843
24,23,1,7,0,2.33583604329434,2.33583604329434,0
24,24,0,8,0,2.73203128155293,2.73203128155293,0
25,0,25,0,12,4.65464720558293,0,4.65464720558293
25,1,24,0,12,4.65464720558293,0,4.65464720558293
25,2,23,0,11,4.22363422807617,0,4.22363422807617
25,3,22,1,11,4.22363422807617,0,4.22363422807617
25,4,21,1,10,3.80950162104097,0,3.80950162104097
25,5,20,1,10,3.80950162104097,0,3.80950162104097
25,6,19,2,9,3.77506778955958,0.412960517107589,3.36210727245199
25,7,18,2,9,3.77506778955958,0.412960517107589,3.36210727245199
25,8,17,2,8,3.34789940961295,0.412960517107589,2.93493889250537
25,9,16,3,8,3.66492346126101,0.729984568755643,2.93493889250537
25,10,15,3,7,3.24878442263178,0.729984568755643,2.51879985387614
25,11,14,3,7,3.24878442263178,0.729984568755643,2.51879985387614
25,12,13,4,6,3.2254362978978,1.13310165722302,2.09233464067478
25,13,12,4,6,3.2254362978978,1.13310165722302,2.09233464067478
25,14,11,4,5,2.78326254467176,1.13310165722302,1.65016088744874
25,15,10,5,5,3.18854428522823,1.53838339777949,1.65016088744874
25,16,9,5,4,2.78695865357263,1.53838339777949,1.24857525579314
25,17,8,5,4,2.78695865357263,1.53838339777949,1.24857525579314
25,18,7,6,3,2.75577247628406,1.8925738703109,0.863198605973166
25,19,6,6,3,2.75577247628406,1.8925738703109,0.863198605973166
25,20,5,6,2,2.32831929472127,1.8925738703109,0.435745424410378
25,21,4,7,2,2.77158146770472,2.33583604329434,0.435745424410378
25,22,3,7,1,2.44896180676319,2.33583604329434,0.113125763468843
25,23,2,7,1,2.44896180676319,2.33583604329434,0.113125763468843
25,24,1,8,0,2.73203128155293,2.73203128155293,0
25,25,0,8,0,2.73203128155293,2.73203128155293,0
26,0,26,0,13,5.08672017144757,0,5.08672017144757
26,1,25,0,12,4.65464720558293,0,4.65464720558293
26,2,24,0,12,4.65464720558293,0,4.65464720558293
26,3,23,1,11,4.22363422807617,0,4.22363422807617
26,4,22,1,11,4.22363422807617,0,4.22363422807617
26,5,21,1,10,3.80950162104097,0,3.80950162104097
26,6,20,2,10,4.22246213814856,0.412960517107589,3.80950162104097
26,7,19,2,9,3.77506778955958,0.412960517107589,3.36210727245199
26,8,18,2,9,3.77506778955958,0.412960517107589,3.36210727245199
26,9,17,3,8,3.66492346126101,0.729984568755643,2.93493889250537
26,10,16,3,8,3.66492346126101,0.729984568755643,2.93493889250537
26,11,15,3,7,3.24878442263178,0.729984568755643,2.51879985387614
26,12,14,4,7,3.65190151109916,1.13310165722302,2.51879985387614
26,13,13,4,6,3.2254362978978,1.13310165722302,2.09233464067478
26,14,12,4,6,3.2254362978978,1.13310165722302,2.09233464067478
26,15,11,5,5,3.18854428522823,1.53838339777949,1.65016088744874
26,16,10,5,5,3.18854428522823,1.53838339777949,1.65016088744874
26,17,9,5,4,2.78695865357263,1.53838339777949,1.24857525579314
26,18,8,6,4,3.14114912610404,1.8925738703109,1.24857525579314
26,19,7,6,3,2.75577247628406,1.8925738703109,0.863198605973166
26,20,6,6,3,2.75577247628406,1.8925738703109,0.863198605973166
26,21,5,7,2,2.77158146770472,2.33583604329434,0.435745424410378
26,22,4,7,2,2.77158146770472,2.33583604329434,0.435745424410378
26,23,3,7,1,2.44896180676319,2.33583604329434,0.113125763468843
26,24,2,8,1,2.84515704502177,2.73203128155293,0.113125763468843
26,25,1,8,0,2.73203128155293,2.73203128155293,0
26,26,0,8,0,2.73203128155293,2.73203128155293,0
27,0,27,0,13,5.08672017144757,0,5.08672017144757
27,1,26,0,13,5.08672017144757,0,5.08672017144757
27,2,25,0,12,4.65464720558293,0,4.65464720558293
27,3,24,1,12,4.65464720558293,0,4.65464720558293
27,4,23,1,11,4.22363422807617,0,4.22363422807617
27,5,22,1,11,4.22363422807617,0,4.22363422807617
27,6,21,2,10,4.22246213814856,0.412960517107589,3.80950162104097
27,7,20,2,10,4.22246213814856,0.412960517107589,3.80950162104097
27,8,19,2,9,3.77506778955958,0.412960517107589,3.36210727245199
27,9,18,3,9,4.09209184120764,0.729984568755643,3.36210727245199
27,10,17,3,8,3.66492346126101,0.729984568755643,2.93493889250537
27,11,16,3,8,3.66492346126101,0.729984568755643,2.93493889250537
27,12,15,4,7,3.65190151109916,1.13310165722302,2.51879985387614
27,13,14,4,7,3.65190151109916,1.13310165722302,2.51879985387614
27,14,13,4,6,3.2254362978978,1.13310165722302,2.09233464067478
27,15,12,5,6,3.63071803845427,1.53838339777949,2.09233464067478
27,16,11,5,5,3.18854428522823,1.53838339777949,1.65016088744874
27,17,10,5,5,3.18854428522823,1.53838339777949,1.65016088744874
27,18,9,6,4,3.14114912610404,1.8925738703109,1.24857525579314
27,19,8,6,4,3.14114912610404,1.8925738703109,1.24857525579314
27,20,7,6,3,2.75577247628406,1.8925738703109,0.863198605973166
27,21,6,7,3,3.19903464926751,2.33583604329434,0.863198605973166
27,22,5,7,2,2.77158146770472,2.33583604329434,0.435745424410378
27,23,4,7,2,2.77158146770472,2.33583604329434,0.435745424410378
27,24,3,8,1,2.84515704502177,2.73203128155293,0.113125763468843
27,25,2,8,1,2.84515704502177,2.73203128155293,0.113125763468843
27,26,1,8,0,2.73203128155293,2.73203128155293,0
27,27,0,9,0,3.12328903319027,3.12328903319027,0
28,0,28,0,14,5.53475885215598,0,5.53475885215598
28,1,27,0,13,5.08672017144757,0,5.08672017144757
28,2,26,0,13,5.08672017144757,0,5.08672017144757
28,3,25,1,12,4.65464720558293,0,4.65464720558293
28,4,24,1,12,4.65464720558293,0,4.65464720558293
28,5,23,1,11,4.22363422807617,0,4.22363422807617
28,6,22,2,11,4.63659474518376,0.412960517107589,4.22363422807617
28,7,21,2,10,4.22246213814856,0.412960517107589,3.80950162104097
28,8,20,2,10,4.22246213814856,0.412960517107589,3.80950162104097
28,9,19,3,9,4.09209184120764,0.729984568755643,3.36210727245199
28,10,18,3,9,4.09209184120764,0.729984568755643,3.36210727245199
28,11,17,3,8,3.66492346126101,0.729984568755643,2.93493889250537
28,12,16,4,8,4.06804054972839,1.13310165722302,2.93493889250537
28,13,15,4,7,3.65190151109916,1.13310165722302,2.51879985387614
28,14,14,4,7,3.65190151109916,1.13310165722302,2.51879985387614
28,15,13,5,6,3.63071803845427,1.53838339777949,2.09233464067478
28,16,12,5,6,3.63071803845427,1.53838339777949,2.09233464067478
28,17,11,5,5,3.18854428522823,1.53838339777949,1.65016088744874
28,18,10,6,5,3.54273475775963,1.8925738703109,1.65016088744874
28,19,9,6,4,3.14114912610404,1.8925738703109,1.24857525579314
28,20,8,6,4,3.14114912610404,1.8925738703109,1.24857525579314
28,21,7,7,3,3.19903464926751,2.33583604329434,0.863198605973166
28,22,6,7,3,3.19903464926751,2.33583604329434,0.863198605973166
28,23,5,7,2,2.77158146770472,2.33583604329434,0.435745424410378
28,24,4,8,2,3.16777670596331,2.73203128155293,0.435745424410378
28,25,3,8,1,2.84515704502177,2.73203128155293,0.113125763468843
28,26,2,8,1,2.84515704502177,2.73203128155293,0.113125763468843
28,27,1,9,0,3.12328903319027,3.12328903319027,0
28,28,0,9,0,3.12328903319027,3.12328903319027,0
29,0,29,0,14,5.53475885215598,0,5.53475885215598
29,1,28,0,14,5.53475885215598,0,5.53475885215598
29,2,27,0,13,5.08672017144757,0,5.08672017144757
29,3,26,1,13,5.08672017144757,0,5.08672017144757
29,4,25,1,12,4.65464720558293,0,4.65464720558293
29,5,24,1,12,4.65464720558293,0,4.65464720558293
29,6,23,2,11,4.63659474518376,0.412960517107589,4.22363422807617
29,7,22,2,11,4.63659474518376,0.412960517107589,4.22363422807617
29,8,21,2,10,4.22246213814856,0.412960517107589,3.80950162104097
29,9,20,3,10,4.53948618979661,0.729984568755643,3.80950162104097
29,10,19,3,9,4.09209184120764,0.729984568755643,3.36210727245199
29,11,18,3,9,4.09209184120764,0.729984568755643,3.36210727245199
29,12,17,4,8,4.06804054972839,1.13310165722302,2.93493889250537
29,13,16,4,8,4.06804054972839,1.13310165722302,2.93493889250537
29,14,15,4,7,3.65190151109916,1.13310165722302,2.51879985387614
29,15,14,5,7,4.05718325165562,1.53838339777949,2.51879985387614
29,16,13,5,6,3.63071803845427,1.53838339777949,2.09233464067478
29,17,12,5,6,3.63071803845427,1.53838339777949,2.09233464067478
29,18,11,6,5,3.54273475775963,1.8925738703109,1.65016088744874
29,19,10,6,5,3.54273475775963,1.8925738703109,1.65016088744874
29,20,9,6,4,3.14114912610404,1.8925738703109,1.24857525579314
29,21,8,7,4,3.58441129908748,2.33583604329434,1.24857525579314
29,22,7,7,3,3.19903464926751,2.33583604329434,0.863198605973166
29,23,6,7,3,3.19903464926751,2.33583604329434,0.863198605973166
29,24,5,8,2,3.16777670596331,2.73203128155293,0.435745424410378
29,25,4,8,2,3.16777670596331,2.73203128155293,0.435745424410378
29,26,3,8,1,2.84515704502177,2.73203128155293,0.113125763468843
29,27,2,9,1,3.23641479665911,3.12328903319027,0.113125763468843
29,28,1,9,0,3.12328903319027,3.12328903319027,0
29,29,0,9,0,3.12328903319027,3.12328903319027,0
30,0,30,0,15,5.95372951024881,0,5.95372951024881
30,1,29,0,14,5.53475885215598,0,5.53475885215598
30,2,28,0,14,5.53475885215598,0,5.53475885215598
30,3,27,1,13,5.08672017144757,0,5.08672017144757
30,4,26,1,13,5.08672017144757,0,5.08672017144757
30,5,25,1,12,4.65464720558293,0,4.65464720558293
30,6,24,2,12,5.06760772269052,0.412960517107589,4.65464720558293
30,7,23,2,11,4.63659474518376,0.412960517107589,4.22363422807617
30,8,22,2,11,4.63659474518376,0.412960517107589,4.22363422807617
30,9,21,3,10,4.53948618979661,0.729984568755643,3.80950162104097
30,10,20,3,10,4.53948618979661,0.729984568755643,3.80950162104097
30,11,19,3,9,4.09209184120764,0.729984568755643,3.36210727245199
30,12,18,4,9,4.49520892967502,1.13310165722302,3.36210727245199
30,13,17,4,8,4.06804054972839,1.13310165722302,2.93493889250537
30,14,16,4,8,4.06804054972839,1.13310165722302,2.93493889250537
30,15,15,5,7,4.05718325165562,1.53838339777949,2.51879985387614
30,16,14,5,7,4.05718325165562,1.53838339777949,2.51879985387614
30,17,13,5,6,3.63071803845427,1.53838339777949,2.09233464067478
30,18,12,6,6,3.98490851098568,1.8925738703109,2.09233464067478
30,19,11,6,5,3.54273475775963,1.8925738703109,1.65016088744874
30,20,10,6,5,3.54273475775963,1.8925738703109,1.65016088744874
30,21,9,7,4,3.58441129908748,2.33583604329434,1.24857525579314
30,22,8,7,4,3.58441129908748,2.33583604329434,1.24857525579314
30,23,7,7,3,3.19903464926751,2.33583604329434,0.863198605973166
30,24,6,8,3,3.59522988752609,2.73203128155293,0.863198605973166
30,25,5,8,2,3.16777670596331,2.73203128155293,0.435745424410378
30,26,4,8,2,3.16777670596331,2.73203128155293,0.435745424410378
30,27,3,9,1,3.23641479665911,3.12328903319027,0.113125763468843
30,28,2,9,1,3.23641479665911,3.12328903319027,0.113125763468843
30,29,1,9,0,3.12328903319027,3.12328903319027,0
30,30,0,10,0,3.55162940248443,3.55162940248443,0
31,0,31,0,15,5.95372951024881,0,5.95372951024881
31,1,30,0,15,5.95372951024881,0,5.95372951024881
31,2,29,0,14,5.53475885215598,0,5.53475885215598
31,3,28,1,14,5.53475885215598,0,5.53475885215598
31,4,27,1,13,5.08672017144757,0,5.08672017144757
31,5,26,1,13,5.08672017144757,0,5.08672017144757
31,6,25,2,12,5.06760772269052,0.412960517107589,4.65464720558293
31,7,24,2,12,5.06760772269052,0.412960517107589,4.65464720558293
31,8,23,2,11,4.63659474518376,0.412960517107589,4.22363422807617
31,9,22,3,11,4.95361879683181,0.729984568755643,4.22363422807617
31,10,21,3,10,4.53948618979661,0.729984568755643,3.80950162104097
31,11,20,3,10,4.53948618979661,0.729984568755643,3.80950162104097
31,12,19,4,9,4.49520892967502,1.13310165722302,3.36210727245199
31,13,18,4,9,4.49520892967502,1.13310165722302,3.36210727245199
31,14,17,4,8,4.06804054972839,1.13310165722302,2.93493889250537
31,15,16,5,8,4.47332229028486,1.53838339777949,2.93493889250537
31,16,15,5,7,4.05718325165562,1.53838339777949,2.51879985387614
31,17,14,5,7,4.05718325165562,1.53838339777949,2.51879985387614
31,18,13,6,6,3.98490851098568,1.8925738703109,2.09233464067478
31,19,12,6,6,3.98490851098568,1.8925738703109,2.09233464067478
31,20,11,6,5,3.54273475775963,1.8925738703109,1.65016088744874
31,21,10,7,5,3.98599693074308,2.33583604329434,1.65016088744874
31,22,9,7,4,3.58441129908748,2.33583604329434,1.24857525579314
31,23,8,7,4,3.58441129908748,2.33583604329434,1.24857525579314
31,24,7,8,3,3.59522988752609,2.73203128155293,0.863198605973166
31,25,6,8,3,3.59522988752609,2.73203128155293,0.863198605973166
31,26,5,8,2,3.16777670596331,2.73203128155293,0.435745424410378
31,27,4,9,2,3.55903445760065,3.12328903319027,0.435745424410378
31,28,3,9,1,3.23641479665911,3.12328903319027,0.113125763468843
31,29,2,9,1,3.23641479665911,3.12328903319027,0.113125763468843
31,30,1,10,0,3.55162940248443,3.55162940248443,0
31,31,0,10,0,3.55162940248443,3.55162940248443,0
32,0,32,0,16,6.39326073115071,0,6.39326073115071
32,1,31,0,15,5.95372951024881,0,5.95372951024881
32,2,30,0,15,5.95372951024881,0,5.95372951024881
32,3,29,1,14,5.53475885215598,0,5.53475885215598
32,4,28,1,14,5.53475885215598,0,5.53475885215598
32,5,27,1,13,5.08672017144757,0,5.08672017144757
32,6,26,2,13,5.49968068855515,0.412960517107589,5.08672017144757
32,7,25,2,12,5.06760772269052,0.412960517107589,4.65464720558293
32,8,24,2,12,5.06760772269052,0.412960517107589,4.65464720558293
32,9,23,3,11,4.95361879683181,0.729984568755643,4.22363422807617
32,10,22,3,11,4.95361879683181,0.729984568755643,4.22363422807617
32,11,21,3,10,4.53948618979661,0.729984568755643,3.80950162104097
32,12,20,4,10,4.94260327826399,1.13310165722302,3.80950162104097
32,13,19,4,9,4.49520892967502,1.13310165722302,3.36210727245199
32,14,18,4,9,4.49520892967502,1.13310165722302,3.36210727245199
32,15,17,5,8,4.47332229028486,1.53838339777949,2.93493889250537
32,16,16,5,8,4.47332229028486,1.53838339777949,2.93493889250537
32,17,15,5,7,4.05718325165562,1.53838339777949,2.51879985387614
32,18,14,6,7,4.41137372418703,1.8925738703109,2.51879985387614
32,19,13,6,6,3.98490851098568,1.8925738703109,2.09233464067478
32,20,12,6,6,3.98490851098568,1.8925738703109,2.09233464067478
32,21,11,7,5,3.98599693074308,2.33583604329434,1.65016088744874
32,22,10,7,5,3.98599693074308,2.33583604329434,1.65016088744874
32,23,9,7,4,3.58441129908748,2.33583604329434,1.24857525579314
32,24,8,8,4,3.98060653734607,2.73203128155293,1.24857525579314
32,25,7,8,3,3.59522988752609,2.73203128155293,0.863198605973166
32,26,6,8,3,3.59522988752609,2.73203128155293,0.863198605973166
32,27,5,9,2,3.55903445760065,3.12328903319027,0.435745424410378
32,28,4,9,2,3.55903445760065,3.12328903319027,0.435745424410378
32,29,3,9,1,3.23641479665911,3.12328903319027,0.113125763468843
32,30,2,10,1,3.66475516595328,3.55162940248443,0.113125763468843
32,31,1,10,0,3.55162940248443,3.55162940248443,0
32,32,0,10,0,3.55162940248443,3.55162940248443,0
33,0,33,0,16,6.39326073115071,0,6.39326073115071
33,1,32,0,16,6.39326073115071,0,6.39326073115071
33,2,31,0,15,5.95372951024881,0,5.95372951024881
33,3,30,1,15,5.95372951024881,0,5.95372951024881
33,4,29,1,14,5.53475885215598,0,5.53475885215598
33,5,28,1,14,5.53475885215598,0,5.53475885215598
33,6,27,2,13,5.49968068855515,0.412960517107589,5.08672017144757
33,7,26,2,13,5.49968068855515,0.412960517107589,5.08672017144757
33,8,25,2,12,5.06760772269052,0.412960517107589,4.65464720558293
33,9,24,3,12,5.38463177433858,0.729984568755643,4.65464720558293
33,10,23,3,11,4.95361879683181,0.729984568755643,4.22363422807617
33,11,22,3,11,4.95361879683181,0.729984568755643,4.22363422807617
33,12,21,4,10,4.94260327826399,1.13310165722302,3.80950162104097
33,13,20,4,10,4.94260327826399,1.13310165722302,3.80950162104097
33,14,19,4,9,4.49520892967502,1.13310165722302,3.36210727245199
33,15,18,5,9,4.90049067023148,1.53838339777949,3.36210727245199
33,16,17,5,8,4.47332229028486,1.53838339777949,2.93493889250537
33,17,16,5,8,4.47332229028486,1.53838339777949,2.93493889250537
33,18,15,6,7,4.41137372418703,1.8925738703109,2.51879985387614
33,19,14,6,7,4.41137372418703,1.8925738703109,2.51879985387614
33,20,13,6,6,3.98490851098568,1.8925738703109,2.09233464067478
33,21,12,7,6,4.42817068396912,2.33583604329434,2.09233464067478
33,22,11,7,5,3.98599693074308,2.33583604329434,1.65016088744874
33,23,10,7,5,3.98599693074308,2.33583604329434,1.65016088744874
33,24,9,8,4,3.98060653734607,2.73203128155293,1.24857525579314
33,25,8,8,4,3.98060653734607,2.73203128155293,1.24857525579314
33,26,7,8,3,3.59522988752609,2.73203128155293,0.863198605973166
33,27,6,9,3,3.98648763916344,3.12328903319027,0.863198605973166
33,28,5,9,2,3.55903445760065,3.12328903319027,0.435745424410378
33,29,4,9,2,3.55903445760065,3.12328903319027,0.435745424410378
33,30,3,10,1,3.66475516595328,3.55162940248443,0.113125763468843
33,31,2,10,1,3.66475516595328,3.55162940248443,0.113125763468843
33,32,1,10,0,3.55162940248443,3.55162940248443,0
33,33,0,11,0,3.94858773771405,3.94858773771405,0
34,0,34,0,17,6.82666920049394,0,6.82666920049394
34,1,33,0,16,6.39326073115071,0,6.39326073115071
34,2,32,0,16,6.39326073115071,0,6.39326073115071
34,3,31,1,15,5.95372951024881,0,5.95372951024881
34,4,30,1,15,5.95372951024881,0,5.95372951024881
34,5,29,1,14,5.53475885215598,0,5.53475885215598
34,6,28,2,14,5.94771936926356,0.412960517107589,5.53475885215598
34,7,27,2,13,5.49968068855515,0.412960517107589,5.08672017144757
34,8,26,2,13,5.49968068855515,0.412960517107589,5.08672017144757
34,9,25,3,12,5.38463177433858,0.729984568755643,4.65464720558293
34,10,24,3,12,5.38463177433858,0.729984568755643,4.65464720558293
34,11,23,3,11,4.95361879683181,0.729984568755643,4.22363422807617
34,12,22,4,11,5.35673588529919,1.13310165722302,4.22363422807617
34,13,21,4,10,4.94260327826399,1.13310165722302,3.80950162104097
34,14,20,4,10,4.94260327826399,1.13310165722302,3.80950162104097
34,15,19,5,9,4.90049067023148,1.53838339777949,3.36210727245199
34,16,18,5,9,4.90049067023148,1.53838339777949,3.36210727245199
34,17,17,5,8,4.47332229028486,1.53838339777949,2.93493889250537
34,18,16,6,8,4.82751276281626,1.8925738703109,2.93493889250537
34,19,15,6,7,4.41137372418703,1.8925738703109,2.51879985387614
34,20,14,6,7,4.41137372418703,1.8925738703109,2.51879985387614
34,21,13,7,6,4.42817068396912,2.33583604329434,2.09233464067478
34,22,12,7,6,4.42817068396912,2.33583604329434,2.09233464067478
34,23,11,7,5,3.98599693074308,2.33583604329434,1.65016088744874
34,24,10,8,5,4.38219216900167,2.73203128155293,1.65016088744874
34,25,9,8,4,3.98060653734607,2.73203128155293,1.24857525579314
34,26,8,8,4,3.98060653734607,2.73203128155293,1.24857525579314
34,27,7,9,3,3.98648763916344,3.12328903319027,0.863198605973166
34,28,6,9,3,3.98648763916344,3.12328903319027,0.863198605973166
34,29,5,9,2,3.55903445760065,3.12328903319027,0.435745424410378
34,30,4,10,2,3.98737482689481,3.55162940248443,0.435745424410378
34,31,3,10,1,3.66475516595328,3.55162940248443,0.113125763468843
34,32,2,10,1,3.66475516595328,3.55162940248443,0.113125763468843
34,33,1,11,0,3.94858773771405,3.94858773771405,0
34,34,0,11,0,3.94858773771405,3.94858773771405,0
35,0,35,0,17,6.82666920049394,0,6.82666920049394
35,1,34,0,17,6.82666920049394,0,6.82666920049394
35,2,33,0,16,6.39326073115071,0,6.39326073115071
35,3,32,1,16,6.39326073115071,0,6.39326073115071
35,4,31,1,15,5.95372951024881,0,5.95372951024881
35,5,30,1,15,5.95372951024881,0,5.95372951024881
35,6,29,2,14,5.94771936926356,0.412960517107589,5.53475885215598
35,7,28,2,14,5.94771936926356,0.412960517107589,5.53475885215598
35,8,27,2,13,5.49968068855515,0.412960517107589,5.08672017144757
35,9,26,3,13,5.81670474020321,0.729984568755643,5.08672017144757
35,10,25,3,12,5.38463177433858,0.729984568755643,4.65464720558293
35,11,24,3,12,5.38463177433858,0.729984568755643,4.65464720558293
35,12,23,4,11,5.35673588529919,1.13310165722302,4.22363422807617
35,13,22,4,11,5.35673588529919,1.13310165722302,4.22363422807617
35,14,21,4,10,4.94260327826399,1.13310165722302,3.80950162104097
35,15,20,5,10,5.34788501882046,1.53838339777949,3.80950162104097
35,16,19,5,9,4.90049067023148,1.53838339777949,3.36210727245199
35,17,18,5,9,4.90049067023148,1.53838339777949,3.36210727245199
35,18,17,6,8,4.82751276281626,1.8925738703109,2.93493889250537
35,19,16,6,8,4.82751276281626,1.8925738703109,2.93493889250537
35,20,15,6,7,4.41137372418703,1.8925738703109,2.51879985387614
35,21,14,7,7,4.85463589717048,2.33583604329434,2.51879985387614
35,22,13,7,6,4.42817068396912,2.33583604329434,2.09233464067478
35,23,12,7,6,4.42817068396912,2.33583604329434,2.09233464067478
35,24,11,8,5,4.38219216900167,2.73203128155293,1.65016088744874
35,25,10,8,5,4.38219216900167,2.73203128155293,1.65016088744874
35,26,9,8,4,3.98060653734607,2.73203128155293,1.24857525579314
35,27,8,9,4,4.37186428898341,3.12328903319027,1.24857525579314
35,28,7,9,3,3.98648763916344,3.12328903319027,0.863198605973166
35,29,6,9,3,3.98648763916344,3.12328903319027,0.863198605973166
35,30,5,10,2,3.98737482689481,3.55162940248443,0.435745424410378
35,31,4,10,2,3.98737482689481,3.55162940248443,0.435745424410378
35,32,3,10,1,3.66475516595328,3.55162940248443,0.113125763468843
35,33,2,11,1,4.06171350118289,3.94858773771405,0.113125763468843
35,34,1,11,0,3.94858773771405,3.94858773771405,0
35,35,0,11,0,3.94858773771405,3.94858773771405,0
36,0,36,0,18,7.26326469972832,0,7.26326469972832
36,1,35,0,17,6.82666920049394,0,6.82666920049394
36,2,34,0,17,6.82666920049394,0,6.82666920049394
36,3,33,1,16,6.39326073115071,0,6.39326073115071
36,4,32,1,16,6.39326073115071,0,6.39326073115071
36,5,31,1,15,5.95372951024881,0,5.95372951024881
36,6,30,2,15,6.3666900273564,0.412960517107589,5.95372951024881
36,7,29,2,14,5.94771936926356,0.412960517107589,5.53475885215598
36,8,28,2,14,5.94771936926356,0.412960517107589,5.53475885215598
36,9,27,3,13,5.81670474020321,0.729984568755643,5.08672017144757
36,10,26,3,13,5.81670474020321,0.729984568755643,5.08672017144757
36,11,25,3,12,5.38463177433858,0.729984568755643,4.65464720558293
36,12,24,4,12,5.78774886280596,1.13310165722302,4.65464720558293
36,13,23,4,11,5.35673588529919,1.13310165722302,4.22363422807617
36,14,22,4,11,5.35673588529919,1.13310165722302,4.22363422807617
36,15,21,5,10,5.34788501882046,1.53838339777949,3.80950162104097
36,16,20,5,10,5.34788501882046,1.53838339777949,3.80950162104097
36,17,19,5,9,4.90049067023148,1.53838339777949,3.36210727245199
36,18,18,6,9,5.25468114276289,1.8925738703109,3.36210727245199
36,19,17,6,8,4.82751276281626,1.8925738703109,2.93493889250537
36,20,16,6,8,4.82751276281626,1.8925738703109,2.93493889250537
36,21,15,7,7,4.85463589717048,2.33583604329434,2.51879985387614
36,22,14,7,7,4.85463589717048,2.33583604329434,2.51879985387614
36,23,13,7,6,4.42817068396912,2.33583604329434,2.09233464067478
36,24,12,8,6,4.82436592222771,2.73203128155293,2.09233464067478
36,25,11,8,5,4.38219216900167,2.73203128155293,1.65016088744874
36,26,10,8,5,4.38219216900167,2.73203128155293,1.65016088744874
36,27,9,9,4,4.37186428898341,3.12328903319027,1.24857525579314
36,28,8,9,4,4.37186428898341,3.12328903319027,1.24857525579314
36,29,7,9,3,3.98648763916344,3.12328903319027,0.863198605973166
36,30,6,10,3,4.4148280084576,3.55162940248443,0.863198605973166
36,31,5,10,2,3.98737482689481,3.55162940248443,0.435745424410378
36,32,4,10,2,3.98737482689481,3.55162940248443,0.435745424410378
36,33,3,11,1,4.06171350118289,3.94858773771405,0.113125763468843
36,34,2,11,1,4.06171350118289,3.94858773771405,0.113125763468843
36,35,1,11,0,3.94858773771405,3.94858773771405,0
36,36,0,12,0,4.35936412149722,4.35936412149722,0
37,0,37,0,18,7.26326469972832,0,7.26326469972832
37,1,36,0,18,7.26326469972832,0,7.26326469972832
37,2,35,0,17,6.82666920049394,0,6.82666920049394
37,3,34,1,17,6.82666920049394,0,6.82666920049394
37,4,33,1,16,6.39326073115071,0,6.39326073115071
37,5,32,1,16,6.39326073115071,0,6.39326073115071
37,6,31,2,15,6.3666900273564,0.412960517107589,5.95372951024881
37,7,30,2,15,6.3666900273564,0.412960517107589,5.95372951024881
37,8,29,2,14,5.94771936926356,0.412960517107589,5.53475885215598
37,9,28,3,14,6.26474342091162,0.729984568755643,5.53475885215598
37,10,27,3,13,5.81670474020321,0.729984568755643,5.08672017144757
37,11,26,3,13,5.81670474020321,0.729984568755643,5.08672017144757
37,12,25,4,12,5.78774886280596,1.13310165722302,4.65464720558293
37,13,24,4,12,5.78774886280596,1.13310165722302,4.65464720558293
37,14,23,4,11,5.35673588529919,1.13310165722302,4.22363422807617
37,15,22,5,11,5.76201762585566,1.53838339777949,4.22363422807617
37,16,21,5,10,5.34788501882046,1.53838339777949,3.80950162104097
37,17,20,5,10,5.34788501882046,1.53838339777949,3.80950162104097
37,18,19,6,9,5.25468114276289,1.8925738703109,3.36210727245199
37,19,18,6,9,5.25468114276289,1.8925738703109,3.36210727245199
37,20,17,6,8,4.82751276281626,1.8925738703109,2.93493889250537
37,21,16,7,8,5.27077493579971,2.33583604329434,2.93493889250537
37,22,15,7,7,4.85463589717048,2.33583604329434,2.51879985387614
37,23,14,7,7,4.85463589717048,2.33583604329434,2.51879985387614
37,24,13,8,6,4.82436592222771,2.73203128155293,2.09233464067478
37,25,12,8,6,4.82436592222771,2.73203128155293,2.09233464067478
37,26,11,8,5,4.38219216900167,2.73203128155293,1.65016088744874
37,27,10,9,5,4.77344992063901,3.12328903319027,1.65016088744874
37,28,9,9,4,4.37186428898341,3.12328903319027,1.24857525579314
37,29,8,9,4,4.37186428898341,3.12328903319027,1.24857525579314
37,30,7,10,3,4.4148280084576,3.55162940248443,0.863198605973166
37,31,6,10,3,4.4148280084576,3.55162940248443,0.863198605973166
37,32,5,10,2,3.98737482689481,3.55162940248443,0.435745424410378
37,33,4,11,2,4.38433316212443,3.94858773771405,0.435745424410378
37,34,3,11,1,4.06171350118289,3.94858773771405,0.113125763468843
37,35,2,11,1,4.06171350118289,3.94858773771405,0.113125763468843
37,36,1,12,0,4.35936412149722,4.35936412149722,0
37,37,0,12,0,4.35936412149722,4.35936412149722,0
38,0,38,0,19,7.68734151263604,0,7.68734151263604
38,1,37,0,18,7.26326469972832,0,7.26326469972832
38,2,36,0,18,7.26326469972832,0,7.26326469972832
38,3,35,1,17,6.82666920049394,0,6.82666920049394
38,4,34,1,17,6.82666920049394,0,6.82666920049394
38,5,33,1,16,6.39326073115071,0,6.39326073115071
38,6,32,2,16,6.8062212482583,0.412960517107589,6.39326073115071
38,7,31,2,15,6.3666900273564,0.412960517107589,5.95372951024881
38,8,30,2,15,6.3666900273564,0.412960517107589,5.95372951024881
38,9,29,3,14,6.26474342091162,0.729984568755643,5.53475885215598
38,10,28,3,14,6.26474342091162,0.729984568755643,5.53475885215598
38,11,27,3,13,5.81670474020321,0.729984568755643,5.08672017144757
38,12,26,4,13,6.21982182867059,1.13310165722302,5.08672017144757
38,13,25,4,12,5.78774886280596,1.13310165722302,4.65464720558293
38,14,24,4,12,5.78774886280596,1.13310165722302,4.65464720558293
38,15,23,5,11,5.76201762585566,1.53838339777949,4.22363422807617
38,16,22,5,11,5.76201762585566,1.53838339777949,4.22363422807617
38,17,21,5,10,5.34788501882046,1.53838339777949,3.80950162104097
38,18,20,6,10,5.70207549135186,1.8925738703109,3.80950162104097
38,19,19,6,9,5.25468114276289,1.8925738703109,3.36210727245199
38,20,18,6,9,5.25468114276289,1.8925738703109,3.36210727245199
38,21,17,7,8,5.27077493579971,2.33583604329434,2.93493889250537
38,22,16,7,8,5.27077493579971,2.33583604329434,2.93493889250537
38,23,15,7,7,4.85463589717048,2.33583604329434,2.51879985387614
38,24,14,8,7,5.25083113542906,2.73203128155293,2.51879985387614
38,25,13,8,6,4.82436592222771,2.73203128155293,2.09233464067478
38,26,12,8,6,4.82436592222771,2.73203128155293,2.09233464067478
38,27,11,9,5,4.77344992063901,3.12328903319027,1.65016088744874
38,28,10,9,5,4.77344992063901,3.12328903319027,1.65016088744874
38,29,9,9,4,4.37186428898341,3.12328903319027,1.24857525579314
38,30,8,10,4,4.80020465827757,3.55162940248443,1.24857525579314
38,31,7,10,3,4.4148280084576,3.55162940248443,0.863198605973166
38,32,6,10,3,4.4148280084576,3.55162940248443,0.863198605973166
38,33,5,11,2,4.38433316212443,3.94858773771405,0.435745424410378
38,34,4,11,2,4.38433316212443,3.94858773771405,0.435745424410378
38,35,3,11,1,4.06171350118289,3.94858773771405,0.113125763468843
38,36,2,12,1,4.47248988496606,4.35936412149722,0.113125763468843
38,37,1,12,0,4.35936412149722,4.35936412149722,0
38,38,0,12,0,4.35936412149722,4.35936412149722,0
39,0,39,0,19,7.68734151263604,0,7.68734151263604
39,1,38,0,19,7.68734151263604,0,7.68734151263604
39,2,37,0,18,7.26326469972832,0,7.26326469972832
39,3,36,1,18,7.26326469972832,0,7.26326469972832
39,4,35,1,17,6.82666920049394,0,6.82666920049394
39,5,34,1,17,6.82666920049394,0,6.82666920049394
39,6,33,2,16,6.8062212482583,0.412960517107589,6.39326073115071
39,7,32,2,16,6.8062212482583,0.412960517107589,6.39326073115071
39,8,31,2,15,6.3666900273564,0.412960517107589,5.95372951024881
39,9,30,3,15,6.68371407900445,0.729984568755643,5.95372951024881
39,10,29,3,14,6.26474342091162,0.729984568755643,5.53475885215598
39,11,28,3,14,6.26474342091162,0.729984568755643,5.53475885215598
39,12,27,4,13,6.21982182867059,1.13310165722302,5.08672017144757
39,13,26,4,13,6.21982182867059,1.13310165722302,5.08672017144757
39,14,25,4,12,5.78774886280596,1.13310165722302,4.65464720558293
39,15,24,5,12,6.19303060336242,1.53838339777949,4.65464720558293
39,16,23,5,11,5.76201762585566,1.53838339777949,4.22363422807617
39,17,22,5,11,5.76201762585566,1.53838339777949,4.22363422807617
39,18,21,6,10,5.70207549135186,1.8925738703109,3.80950162104097
39,19,20,6,10,5.70207549135186,1.8925738703109,3.80950162104097
39,20,19,6,9,5.25468114276289,1.8925738703109,3.36210727245199
39,21,18,7,9,5.69794331574634,2.33583604329434,3.36210727245199
39,22,17,7,8,5.27077493579971,2.33583604329434,2.93493889250537
39,23,16,7,8,5.27077493579971,2.33583604329434,2.93493889250537
39,24,15,8,7,5.25083113542906,2.73203128155293,2.51879985387614
39,25,14,8,7,5.25083113542906,2.73203128155293,2.51879985387614
39,26,13,8,6,4.82436592222771,2.73203128155293,2.09233464067478
39,27,12,9,6,5.21562367386505,3.12328903319027,2.09233464067478
39,28,11,9,5,4.77344992063901,3.12328903319027,1.65016088744874
39,29,10,9,5,4.77344992063901,3.12328903319027,1.65016088744874
39,30,9,10,4,4.80020465827757,3.55162940248443,1.24857525579314
39,31,8,10,4,4.80020465827757,3.55162940248443,1.24857525579314
39,32,7,10,3,4.4148280084576,3.55162940248443,0.863198605973166
39,33,6,11,3,4.81178634368722,3.94858773771405,0.863198605973166
39,34,5,11,2,4.38433316212443,3.94858773771405,0.435745424410378
39,35,4,11,2,4.38433316212443,3.94858773771405,0.435745424410378
39,36,3,12,1,4.47248988496606,4.35936412149722,0.113125763468843
39,37,2,12,1,4.47248988496606,4.35936412149722,0.113125763468843
39,38,1,12,0,4.35936412149722,4.35936412149722,0
39,39,0,13,0,4.77705429537201,4.77705429537201,0
40,0,40,0,20,8.13013823398498,0,8.13013823398498
40,1,39,0,19,7.68734151263604,0,7.68734151263604
40,2,38,0,19,7.68734151263604,0,7.68734151263604
40,3,37,1,18,7.26326469972832,0,7.26326469972832
40,4,36,1,18,7.26326469972832,0,7.26326469972832
40,5,35,1,17,6.82666920049394,0,6.82666920049394
40,6,34,2,17,7.23962971760153,0.412960517107589,6.82666920049394
40,7,33,2,16,6.8062212482583,0.412960517107589,6.39326073115071
40,8,32,2,16,6.8062212482583,0.412960517107589,6.39326073115071
40,9,31,3,15,6.68371407900445,0.729984568755643,5.95372951024881
40,10,30,3,15,6.68371407900445,0.729984568755643,5.95372951024881
40,11,29,3,14,6.26474342091162,0.729984568755643,5.53475885215598
40,12,28,4,14,6.667860509379,1.13310165722302,5.53475885215598
40,13,27,4,13,6.21982182867059,1.13310165722302,5.08672017144757
40,14,26,4,13,6.21982182867059,1.13310165722302,5.08672017144757
40,15,25,5,12,6.19303060336242,1.53838339777949,4.65464720558293
40,16,24,5,12,6.19303060336242,1.53838339777949,4.65464720558293
40,17,23,5,11,5.76201762585566,1.53838339777949,4.22363422807617
40,18,22,6,11,6.11620809838706,1.8925738703109,4.22363422807617
40,19,21,6,10,5.70207549135186,1.8925738703109,3.80950162104097
40,20,20,6,10,5.70207549135186,1.8925738703109,3.80950162104097
40,21,19,7,9,5.69794331574634,2.33583604329434,3.36210727245199
40,22,18,7,9,5.69794331574634,2.33583604329434,3.36210727245199
40,23,17,7,8,5.27077493579971,2.33583604329434,2.93493889250537
40,24,16,8,8,5.66697017405829,2.73203128155293,2.93493889250537
40,25,15,8,7,5.25083113542906,2.73203128155293,2.51879985387614
40,26,14,8,7,5.25083113542906,2.73203128155293,2.51879985387614
40,27,13,9,6,5.21562367386505,3.12328903319027,2.09233464067478
40,28,12,9,6,5.21562367386505,3.12328903319027,2.09233464067478
40,29,11,9,5,4.77344992063901,3.12328903319027,1.65016088744874
40,30,10,10,5,5.20179028993317,3.55162940248443,1.65016088744874
40,31,9,10,4,4.80020465827757,3.55162940248443,1.24857525579314
40,32,8,10,4,4.80020465827757,3.55162940248443,1.24857525579314
40,33,7,11,3,4.81178634368722,3.94858773771405,0.863198605973166
40,34,6,11,3,4.81178634368722,3.94858773771405,0.863198605973166
40,35,5,11,2,4.38433316212443,3.94858773771405,0.435745424410378
40,36,4,12,2,4.7951095459076,4.35936412149722,0.435745424410378
40,37,3,12,1,4.47248988496606,4.35936412149722,0.113125763468843
40,38,2,12,1,4.47248988496606,4.35936412149722,0.113125763468843
40,39,1,13,0,4.77705429537201,4.77705429537201,0
40,40,0,13,0,4.77705429537201,4.77705429537201,0
41,0,41,0,20,8.13013823398498,0,8.13013823398498
41,1,40,0,20,8.13013823398498,0,8.13013823398498
41,2,39,0,19,7.68734151263604,0,7.68734151263604
41,3,38,1,19,7.68734151263604,0,7.68734151263604
41,4,37,1,18,7.26326469972832,0,7.26326469972832
41,5,36,1,18,7.26326469972832,0,7.26326469972832
41,6,35,2,17,7.23962971760153,0.412960517107589,6.82666920049394
41,7,34,2,17,7.23962971760153,0.412960517107589,6.82666920049394
41,8,33,2,16,6.8062212482583,0.412960517107589,6.39326073115071
41,9,32,3,16,7.12324529990635,0.729984568755643,6.39326073115071
41,10,31,3,15,6.68371407900445,0.729984568755643,5.95372951024881
41,11,30,3,15,6.68371407900445,0.729984568755643,5.95372951024881
41,12,29,4,14,6.667860509379,1.13310165722302,5.53475885215598
41,13,28,4,14,6.667860509379,1.13310165722302,5.53475885215598
41,14,27,4,13,6.21982182867059,1.13310165722302,5.08672017144757
41,15,26,5,13,6.62510356922706,1.53838339777949,5.08672017144757
41,16,25,5,12,6.19303060336242,1.53838339777949,4.65464720558293
41,17,24,5,12,6.19303060336242,1.53838339777949,4.65464720558293
41,18,23,6,11,6.11620809838706,1.8925738703109,4.22363422807617
41,19,22,6,11,6.11620809838706,1.8925738703109,4.22363422807617
41,20,21,6,10,5.70207549135186,1.8925738703109,3.80950162104097
41,21,20,7,10,6.14533766433531,2.33583604329434,3.80950162104097
41,22,19,7,9,5.69794331574634,2.33583604329434,3.36210727245199
41,23,18,7,9,5.69794331574634,2.33583604329434,3.36210727245199
41,24,17,8,8,5.66697017405829,2.73203128155293,2.93493889250537
41,25,16,8,8,5.66697017405829,2.73203128155293,2.93493889250537
41,26,15,8,7,5.25083113542906,2.73203128155293,2.51879985387614
41,27,14,9,7,5.64208888706641,3.12328903319027,2.51879985387614
41,28,13,9,6,5.21562367386505,3.12328903319027,2.09233464067478
41,29,12,9,6,5.21562367386505,3.12328903319027,2.09233464067478
41,30,11,10,5,5.20179028993317,3.55162940248443,1.65016088744874
41,31,10,10,5,5.20179028993317,3.55162940248443,1.65016088744874
41,32,9,10,4,4.80020465827757,3.55162940248443,1.24857525579314
41,33,8,11,4,5.19716299350719,3.94858773771405,1.24857525579314
41,34,7,11,3,4.81178634368722,3.94858773771405,0.863198605973166
41,35,6,11,3,4.81178634368722,3.94858773771405,0.863198605973166
41,36,5,12,2,4.7951095459076,4.35936412149722,0.435745424410378
41,37,4,12,2,4.7951095459076,4.35936412149722,0.435745424410378
41,38,3,12,1,4.47248988496606,4.35936412149722,0.113125763468843
41,39,2,13,1,4.89018005884085,4.77705429537201,0.113125763468843
41,40,1,13,0,4.77705429537201,4.77705429537201,0
41,41,0,13,0,4.77705429537201,4.77705429537201,0
42,0,42,0,21,8.56643576300503,0,8.56643576300503
42,1,41,0,20,8.13013823398498,0,8.13013823398498
42,2,40,0,20,8.13013823398498,0,8.13013823398498
42,3,39,1,19,7.68734151263604,0,7.68734151263604
42,4,38,1,19,7.68734151263604,0,7.68734151263604
42,5,37,1,18,7.26326469972832,0,7.26326469972832
42,6,36,2,18,7.6762252168359,0.412960517107589,7.26326469972832
42,7,35,2,17,7.23962971760153,0.412960517107589,6.82666920049394
42,8,34,2,17,7.23962971760153,0.412960517107589,6.82666920049394
42,9,33,3,16,7.12324529990635,0.729984568755643,6.39326073115071
42,10,32,3,16,7.12324529990635,0.729984568755643,6.39326073115071
42,11,31,3,15,6.68371407900445,0.729984568755643,5.95372951024881
42,12,30,4,15,7.08683116747183,1.13310165722302,5.95372951024881
42,13,29,4,14,6.667860509379,1.13310165722302,5.53475885215598
42,14,28,4,14,6.667860509379,1.13310165722302,5.53475885215598
42,15,27,5,13,6.62510356922706,1.53838339777949,5.08672017144757
42,16,26,5,13,6.62510356922706,1.53838339777949,5.08672017144757
42,17,25,5,12,6.19303060336242,1.53838339777949,4.65464720558293
42,18,24,6,12,6.54722107589383,1.8925738703109,4.65464720558293
42,19,23,6,11,6.11620809838706,1.8925738703109,4.22363422807617
42,20,22,6,11,6.11620809838706,1.8925738703109,4.22363422807617
42,21,21,7,10,6.14533766433531,2.33583604329434,3.80950162104097
42,22,20,7,10,6.14533766433531,2.33583604329434,3.80950162104097
42,23,19,7,9,5.69794331574634,2.33583604329434,3.36210727245199
42,24,18,8,9,6.09413855400492,2.73203128155293,3.36210727245199
42,25,17,8,8,5.66697017405829,2.73203128155293,2.93493889250537
42,26,16,8,8,5.66697017405829,2.73203128155293,2.93493889250537
42,27,15,9,7,5.64208888706641,3.12328903319027,2.51879985387614
42,28,14,9,7,5.64208888706641,3.12328903319027,2.51879985387614
42,29,13,9,6,5.21562367386505,3.12328903319027,2.09233464067478
42,30,12,10,6,5.64396404315921,3.55162940248443,2.09233464067478
42,31,11,10,5,5.20179028993317,3.55162940248443,1.65016088744874
42,32,10,10,5,5.20179028993317,3.55162940248443,1.65016088744874
42,33,9,11,4,5.19716299350719,3.94858773771405,1.24857525579314
42,34,8,11,4,5.19716299350719,3.94858773771405,1.24857525579314
42,35,7,11,3,4.81178634368722,3.94858773771405,0.863198605973166
42,36,6,12,3,5.22256272747039,4.35936412149722,0.863198605973166
42,37,5,12,2,4.7951095459076,4.35936412149722,0.435745424410378
42,38,4,12,2,4.7951095459076,4.35936412149722,0.435745424410378
42,39,3,13,1,4.89018005884085,4.77705429537201,0.113125763468843
42,40,2,13,1,4.89018005884085,4.77705429537201,0.113125763468843
42,41,1,13,0,4.77705429537201,4.77705429537201,0
42,42,0,14,0,5.17185926861672,5.17185926861672,0
43,0,43,0,21,8.56643576300503,0,8.56643576300503
43,1,42,0,21,8.56643576300503,0,8.56643576300503
43,2,41,0,20,8.13013823398498,0,8.13013823398498
43,3,40,1,20,8.13013823398498,0,8.13013823398498
43,4,39,1,19,7.68734151263604,0,7.68734151263604
43,5,38,1,19,7.68734151263604,0,7.68734151263604
43,6,37,2,18,7.6762252168359,0.412960517107589,7.26326469972832
43,7,36,2,18,7.6762252168359,0.412960517107589,7.26326469972832
43,8,35,2,17,7.23962971760153,0.412960517107589,6.82666920049394
43,9,34,3,17,7.55665376924959,0.729984568755643,6.82666920049394
43,10,33,3,16,7.12324529990635,0.729984568755643,6.39326073115071
43,11,32,3,16,7.12324529990635,0.729984568755643,6.39326073115071
43,12,31,4,15,7.08683116747183,1.13310165722302,5.95372951024881
43,13,30,4,15,7.08683116747183,1.13310165722302,5.95372951024881
43,14,29,4,14,6.667860509379,1.13310165722302,5.53475885215598
43,15,28,5,14,7.07314224993547,1.53838339777949,5.53475885215598
43,16,27,5,13,6.62510356922706,1.53838339777949,5.08672017144757
43,17,26,5,13,6.62510356922706,1.53838339777949,5.08672017144757
43,18,25,6,12,6.54722107589383,1.8925738703109,4.65464720558293
43,19,24,6,12,6.54722107589383,1.8925738703109,4.65464720558293
43,20,23,6,11,6.11620809838706,1.8925738703109,4.22363422807617
43,21,22,7,11,6.55947027137051,2.33583604329434,4.22363422807617
43,22,21,7,10,6.14533766433531,2.33583604329434,3.80950162104097
43,23,20,7,10,6.14533766433531,2.33583604329434,3.80950162104097
43,24,19,8,9,6.09413855400492,2.73203128155293,3.36210727245199
43,25,18,8,9,6.09413855400492,2.73203128155293,3.36210727245199
43,26,17,8,8,5.66697017405829,2.73203128155293,2.93493889250537
43,27,16,9,8,6.05822792569564,3.12328903319027,2.93493889250537
43,28,15,9,7,5.64208888706641,3.12328903319027,2.51879985387614
43,29,14,9,7,5.64208888706641,3.12328903319027,2.51879985387614
43,30,13,10,6,5.64396404315921,3.55162940248443,2.09233464067478
43,31,12,10,6,5.64396404315921,3.55162940248443,2.09233464067478
43,32,11,10,5,5.20179028993317,3.55162940248443,1.65016088744874
43,33,10,11,5,5.59874862516279,3.94858773771405,1.65016088744874
43,34,9,11,4,5.19716299350719,3.94858773771405,1.24857525579314
43,35,8,11,4,5.19716299350719,3.94858773771405,1.24857525579314
43,36,7,12,3,5.22256272747039,4.35936412149722,0.863198605973166
43,37,6,12,3,5.22256272747039,4.35936412149722,0.863198605973166
43,38,5,12,2,4.7951095459076,4.35936412149722,0.435745424410378
43,39,4,13,2,5.21279971978239,4.77705429537201,0.435745424410378
43,40,3,13,1,4.89018005884085,4.77705429537201,0.113125763468843
43,41,2,13,1,4.89018005884085,4.77705429537201,0.113125763468843
43,42,1,14,0,5.17185926861672,5.17185926861672,0
43,43,0,14,0,5.17185926861672,5.17185926861672,0
44,0,44,0,22,8.99617340924405,0,8.99617340924405
44,1,43,0,21,8.56643576300503,0,8.56643576300503
44,2,42,0,21,8.56643576300503,0,8.56643576300503
44,3,41,1,20,8.13013823398498,0,8.13013823398498
44,4,40,1,20,8.13013823398498,0,8.13013823398498
44,5,39,1,19,7.68734151263604,0,7.68734151263604
44,6,38,2,19,8.10030202974363,0.412960517107589,7.68734151263604
44,7,37,2,18,7.6762252168359,0.412960517107589,7.26326469972832
44,8,36,2,18,7.6762252168359,0.412960517107589,7.26326469972832
44,9,35,3,17,7.55665376924959,0.729984568755643,6.82666920049394
44,10,34,3,17,7.55665376924959,0.729984568755643,6.82666920049394
44,11,33,3,16,7.12324529990635,0.729984568755643,6.39326073115071
44,12,32,4,16,7.52636238837373,1.13310165722302,6.39326073115071
44,13,31,4,15,7.08683116747183,1.13310165722302,5.95372951024881
44,14,30,4,15,7.08683116747183,1.13310165722302,5.95372951024881
44,15,29,5,14,7.07314224993547,1.53838339777949,5.53475885215598
44,16,28,5,14,7.07314224993547,1.53838339777949,5.53475885215598
44,17,27,5,13,6.62510356922706,1.53838339777949,5.08672017144757
44,18,26,6,13,6.97929404175846,1.8925738703109,5.08672017144757
44,19,25,6,12,6.54722107589383,1.8925738703109,4.65464720558293
44,20,24,6,12,6.54722107589383,1.8925738703109,4.65464720558293
44,21,23,7,11,6.55947027137051,2.33583604329434,4.22363422807617
44,22,22,7,11,6.55947027137051,2.33583604329434,4.22363422807617
44,23,21,7,10,6.14533766433531,2.33583604329434,3.80950162104097
44,24,20,8,10,6.5415329025939,2.73203128155293,3.80950162104097
44,25,19,8,9,6.09413855400492,2.73203128155293,3.36210727245199
44,26,18,8,9,6.09413855400492,2.73203128155293,3.36210727245199
44,27,17,9,8,6.05822792569564,3.12328903319027,2.93493889250537
44,28,16,9,8,6.05822792569564,3.12328903319027,2.93493889250537
44,29,15,9,7,5.64208888706641,3.12328903319027,2.51879985387614
44,30,14,10,7,6.07042925636057,3.55162940248443,2.51879985387614
44,31,13,10,6,5.64396404315921,3.55162940248443,2.09233464067478
44,32,12,10,6,5.64396404315921,3.55162940248443,2.09233464067478
44,33,11,11,5,5.59874862516279,3.94858773771405,1.65016088744874
44,34,10,11,5,5.59874862516279,3.94858773771405,1.65016088744874
44,35,9,11,4,5.19716299350719,3.94858773771405,1.24857525579314
44,36,8,12,4,5.60793937729036,4.35936412149722,1.24857525579314
44,37,7,12,3,5.22256272747039,4.35936412149722,0.863198605973166
44,38,6,12,3,5.22256272747039,4.35936412149722,0.863198605973166
44,39,5,13,2,5.21279971978239,4.77705429537201,0.435745424410378
44,40,4,13,2,5.21279971978239,4.77705429537201,0.435745424410378
44,41,3,13,1,4.89018005884085,4.77705429537201,0.113125763468843
44,42,2,14,1,5.28498503208557,5.17185926861672,0.113125763468843
44,43,1,14,0,5.17185926861672,5.17185926861672,0
44,44,0,14,0,5.17185926861672,5.17185926861672,0
45,0,45,0,22,8.99617340924405,0,8.99617340924405
45,1,44,0,22,8.99617340924405,0,8.99617340924405
45,2,43,0,21,8.56643576300503,0,8.56643576300503
45,3,42,1,21,8.56643576300503,0,8.56643576300503
45,4,41,1,20,8.13013823398498,0,8.13013823398498
45,5,40,1,20,8.13013823398498,0,8.13013823398498
45,6,39,2,19,8.10030202974363,0.412960517107589,7.68734151263604
45,7,38,2,19,8.10030202974363,0.412960517107589,7.68734151263604
45,8,37,2,18,7.6762252168359,0.412960517107589,7.26326469972832
45,9,36,3,18,7.99324926848396,0.729984568755643,7.26326469972832
45,10,35,3,17,7.55665376924959,0.729984568755643,6.82666920049394
45,11,34,3,17,7.55665376924959,0.729984568755643,6.82666920049394
45,12,33,4,16,7.52636238837373,1.13310165722302,6.39326073115071
45,13,32,4,16,7.52636238837373,1.13310165722302,6.39326073115071
45,14,31,4,15,7.08683116747183,1.13310165722302,5.95372951024881
45,15,30,5,15,7.4921129080283,1.53838339777949,5.95372951024881
45,16,29,5,14,7.07314224993547,1.53838339777949,5.53475885215598
45,17,28,5,14,7.07314224993547,1.53838339777949,5.53475885215598
45,18,27,6,13,6.97929404175846,1.8925738703109,5.08672017144757
45,19,26,6,13,6.97929404175846,1.8925738703109,5.08672017144757
45,20,25,6,12,6.54722107589383,1.8925738703109,4.65464720558293
45,21,24,7,12,6.99048324887727,2.33583604329434,4.65464720558293
45,22,23,7,11,6.55947027137051,2.33583604329434,4.22363422807617
45,23,22,7,11,6.55947027137051,2.33583604329434,4.22363422807617
45,24,21,8,10,6.5415329025939,2.73203128155293,3.80950162104097
45,25,20,8,10,6.5415329025939,2.73203128155293,3.80950162104097
45,26,19,8,9,6.09413855400492,2.73203128155293,3.36210727245199
45,27,18,9,9,6.48539630564226,3.12328903319027,3.36210727245199
45,28,17,9,8,6.05822792569564,3.12328903319027,2.93493889250537
45,29,16,9,8,6.05822792569564,3.12328903319027,2.93493889250537
45,30,15,10,7,6.07042925636057,3.55162940248443,2.51879985387614
45,31,14,10,7,6.07042925636057,3.55162940248443,2.51879985387614
45,32,13,10,6,5.64396404315921,3.55162940248443,2.09233464067478
45,33,12,11,6,6.04092237838883,3.94858773771405,2.09233464067478
45,34,11,11,5,5.59874862516279,3.94858773771405,1.65016088744874
45,35,10,11,5,5.59874862516279,3.94858773771405,1.65016088744874
45,36,9,12,4,5.60793937729036,4.35936412149722,1.24857525579314
45,37,8,12,4,5.60793937729036,4.35936412149722,1.24857525579314
45,38,7,12,3,5.22256272747039,4.35936412149722,0.863198605973166
45,39,6,13,3,5.64025290134517,4.77705429537201,0.863198605973166
45,40,5,13,2,5.21279971978239,4.77705429537201,0.435745424410378
45,41,4,13,2,5.21279971978239,4.77705429537201,0.435745424410378
45,42,3,14,1,5.28498503208557,5.17185926861672,0.113125763468843
45,43,2,14,1,5.28498503208557,5.17185926861672,0.113125763468843
45,44,1,14,0,5.17185926861672,5.17185926861672,0
45,45,0,15,0,5.59229652718323,5.59229652718323,0
46,0,46,0,23,9.43037399935069,0,9.43037399935069
46,1,45,0,22,8.99617340924405,0,8.99617340924405
46,2,44,0,22,8.99617340924405,0,8.99617340924405
46,3,43,1,21,8.56643576300503,0,8.56643576300503
46,4,42,1,21,8.56643576300503,0,8.56643576300503
46,5,41,1,20,8.13013823398498,0,8.13013823398498
46,6,40,2,20,8.54309875109257,0.412960517107589,8.13013823398498
46,7,39,2,19,8.10030202974363,0.412960517107589,7.68734151263604
46,8,38,2,19,8.10030202974363,0.412960517107589,7.68734151263604
46,9,37,3,18,7.99324926848396,0.729984568755643,7.26326469972832
46,10,36,3,18,7.99324926848396,0.729984568755643,7.26326469972832
46,11,35,3,17,7.55665376924959,0.729984568755643,6.82666920049394
46,12,34,4,17,7.95977085771697,1.13310165722302,6.82666920049394
46,13,33,4,16,7.52636238837373,1.13310165722302,6.39326073115071
46,14,32,4,16,7.52636238837373,1.13310165722302,6.39326073115071
46,15,31,5,15,7.4921129080283,1.53838339777949,5.95372951024881
46,16,30,5,15,7.4921129080283,1.53838339777949,5.95372951024881
46,17,29,5,14,7.07314224993547,1.53838339777949,5.53475885215598
46,18,28,6,14,7.42733272246687,1.8925738703109,5.53475885215598
46,19,27,6,13,6.97929404175846,1.8925738703109,5.08672017144757
46,20,26,6,13,6.97929404175846,1.8925738703109,5.08672017144757
46,21,25,7,12,6.99048324887727,2.33583604329434,4.65464720558293
46,22,24,7,12,6.99048324887727,2.33583604329434,4.65464720558293
46,23,23,7,11,6.55947027137051,2.33583604329434,4.22363422807617
46,24,22,8,11,6.9556655096291,2.73203128155293,4.22363422807617
46,25,21,8,10,6.5415329025939,2.73203128155293,3.80950162104097
46,26,20,8,10,6.5415329025939,2.73203128155293,3.80950162104097
46,27,19,9,9,6.48539630564226,3.12328903319027,3.36210727245199
46,28,18,9,9,6.48539630564226,3.12328903319027,3.36210727245199
46,29,17,9,8,6.05822792569564,3.12328903319027,2.93493889250537
46,30,16,10,8,6.4865682949898,3.55162940248443,2.93493889250537
46,31,15,10,7,6.07042925636057,3.55162940248443,2.51879985387614
46,32,14,10,7,6.07042925636057,3.55162940248443,2.51879985387614
46,33,13,11,6,6.04092237838883,3.94858773771405,2.09233464067478
46,34,12,11,6,6.04092237838883,3.94858773771405,2.09233464067478
46,35,11,11,5,5.59874862516279,3.94858773771405,1.65016088744874
46,36,10,12,5,6.00952500894596,4.35936412149722,1.65016088744874
46,37,9,12,4,5.60793937729036,4.35936412149722,1.24857525579314
46,38,8,12,4,5.60793937729036,4.35936412149722,1.24857525579314
46,39,7,13,3,5.64025290134517,4.77705429537201,0.863198605973166
46,40,6,13,3,5.64025290134517,4.77705429537201,0.863198605973166
46,41,5,13,2,5.21279971978239,4.77705429537201,0.435745424410378
46,42,4,14,2,5.6076046930271,5.17185926861672,0.435745424410378
46,43,3,14,1,5.28498503208557,5.17185926861672,0.113125763468843
46,44,2,14,1,5.28498503208557,5.17185926861672,0.113125763468843
46,45,1,15,0,5.59229652718323,5.59229652718323,0
46,46,0,15,0,5.59229652718323,5.59229652718323,0
47,0,47,0,23,9.43037399935069,0,9.43037399935069
47,1,46,0,23,9.43037399935069,0,9.43037399935069
47,2,45,0,22,8.99617340924405,0,8.99617340924405
47,3,44,1,22,8.99617340924405,0,8.99617340924405
47,4,43,1,21,8.56643576300503,0,8.56643576300503
47,5,42,1,21,8.56643576300503,0,8.56643576300503
47,6,41,2,20,8.54309875109257,0.412960517107589,8.13013823398498
47,7,40,2,20,8.54309875109257,0.412960517107589,8.13013823398498
47,8,39,2,19,8.10030202974363,0.412960517107589,7.68734151263604
47,9,38,3,19,8.41732608139169,0.729984568755643,7.68734151263604
47,10,37,3,18,7.99324926848396,0.729984568755643,7.26326469972832
47,11,36,3,18,7.99324926848396,0.729984568755643,7.26326469972832
47,12,35,4,17,7.95977085771697,1.13310165722302,6.82666920049394
47,13,34,4,17,7.95977085771697,1.13310165722302,6.82666920049394
47,14,33,4,16,7.52636238837373,1.13310165722302,6.39326073115071
47,15,32,5,16,7.9316441289302,1.53838339777949,6.39326073115071
47,16,31,5,15,7.4921129080283,1.53838339777949,5.95372951024881
47,17,30,5,15,7.4921129080283,1.53838339777949,5.95372951024881
47,18,29,6,14,7.42733272246687,1.8925738703109,5.53475885215598
47,19,28,6,14,7.42733272246687,1.8925738703109,5.53475885215598
47,20,27,6,13,6.97929404175846,1.8925738703109,5.08672017144757
47,21,26,7,13,7.42255621474191,2.33583604329434,5.08672017144757
47,22,25,7,12,6.99048324887727,2.33583604329434,4.65464720558293
47,23,24,7,12,6.99048324887727,2.33583604329434,4.65464720558293
47,24,23,8,11,6.9556655096291,2.73203128155293,4.22363422807617
47,25,22,8,11,6.9556655096291,2.73203128155293,4.22363422807617
47,26,21,8,10,6.5415329025939,2.73203128155293,3.80950162104097
47,27,20,9,10,6.93279065423124,3.12328903319027,3.80950162104097
47,28,19,9,9,6.48539630564226,3.12328903319027,3.36210727245199
47,29,18,9,9,6.48539630564226,3.12328903319027,3.36210727245199
47,30,17,10,8,6.4865682949898,3.55162940248443,2.93493889250537
47,31,16,10,8,6.4865682949898,3.55162940248443,2.93493889250537
47,32,15,10,7,6.07042925636057,3.55162940248443,2.51879985387614
47,33,14,11,7,6.46738759159019,3.94858773771405,2.51879985387614
47,34,13,11,6,6.04092237838883,3.94858773771405,2.09233464067478
47,35,12,11,6,6.04092237838883,3.94858773771405,2.09233464067478
47,36,11,12,5,6.00952500894596,4.35936412149722,1.65016088744874
47,37,10,12,5,6.00952500894596,4.35936412149722,1.65016088744874
47,38,9,12,4,5.60793937729036,4.35936412149722,1.24857525579314
47,39,8,13,4,6.02562955116515,4.77705429537201,1.24857525579314
47,40,7,13,3,5.64025290134517,4.77705429537201,0.863198605973166
47,41,6,13,3,5.64025290134517,4.77705429537201,0.863198605973166
47,42,5,14,2,5.6076046930271,5.17185926861672,0.435745424410378
47,43,4,14,2,5.6076046930271,5.17185926861672,0.435745424410378
47,44,3,14,1,5.28498503208557,5.17185926861672,0.113125763468843
47,45,2,15,1,5.70542229065208,5.59229652718323,0.113125763468843
47,46,1,15,0,5.59229652718323,5.59229652718323,0
47,47,0,15,0,5.59229652718323,5.59229652718323,0
48,0,48,0,24,9.86666529257677,0,9.86666529257677
48,1,47,0,23,9.43037399935069,0,9.43037399935069
48,2,46,0,23,9.43037399935069,0,9.43037399935069
48,3,45,1,22,8.99617340924405,0,8.99617340924405
48,4,44,1,22,8.99617340924405,0,8.99617340924405
48,5,43,1,21,8.56643576300503,0,8.56643576300503
48,6,42,2,21,8.97939628011262,0.412960517107589,8.56643576300503
48,7,41,2,20,8.54309875109257,0.412960517107589,8.13013823398498
48,8,40,2,20,8.54309875109257,0.412960517107589,8.13013823398498
48,9,39,3,19,8.41732608139169,0.729984568755643,7.68734151263604
48,10,38,3,19,8.41732608139169,0.729984568755643,7.68734151263604
48,11,37,3,18,7.99324926848396,0.729984568755643,7.26326469972832
48,12,36,4,18,8.39636635695134,1.13310165722302,7.26326469972832
48,13,35,4,17,7.95977085771697,1.13310165722302,6.82666920049394
48,14,34,4,17,7.95977085771697,1.13310165722302,6.82666920049394
48,15,33,5,16,7.9316441289302,1.53838339777949,6.39326073115071
48,16,32,5,16,7.9316441289302,1.53838339777949,6.39326073115071
48,17,31,5,15,7.4921129080283,1.53838339777949,5.95372951024881
48,18,30,6,15,7.84630338055971,1.8925738703109,5.95372951024881
48,19,29,6,14,7.42733272246687,1.8925738703109,5.53475885215598
48,20,28,6,14,7.42733272246687,1.8925738703109,5.53475885215598
48,21,27,7,13,7.42255621474191,2.33583604329434,5.08672017144757
48,22,26,7,13,7.42255621474191,2.33583604329434,5.08672017144757
48,23,25,7,12,6.99048324887727,2.33583604329434,4.65464720558293
48,24,24,8,12,7.38667848713586,2.73203128155293,4.65464720558293
48,25,23,8,11,6.9556655096291,2.73203128155293,4.22363422807617
48,26,22,8,11,6.9556655096291,2.73203128155293,4.22363422807617
48,27,21,9,10,6.93279065423124,3.12328903319027,3.80950162104097
48,28,20,9,10,6.93279065423124,3.12328903319027,3.80950162104097
48,29,19,9,9,6.48539630564226,3.12328903319027,3.36210727245199
48,30,18,10,9,6.91373667493643,3.55162940248443,3.36210727245199
48,31,17,10,8,6.4865682949898,3.55162940248443,2.93493889250537
48,32,16,10,8,6.4865682949898,3.55162940248443,2.93493889250537
48,33,15,11,7,6.46738759159019,3.94858773771405,2.51879985387614
48,34,14,11,7,6.46738759159019,3.94858773771405,2.51879985387614
48,35,13,11,6,6.04092237838883,3.94858773771405,2.09233464067478
48,36,12,12,6,6.451698762172,4.35936412149722,2.09233464067478
48,37,11,12,5,6.00952500894596,4.35936412149722,1.65016088744874
48,38,10,12,5,6.00952500894596,4.35936412149722,1.65016088744874
48,39,9,13,4,6.02562955116515,4.77705429537201,1.24857525579314
48,40,8,13,4,6.02562955116515,4.77705429537201,1.24857525579314
48,41,7,13,3,5.64025290134517,4.77705429537201,0.863198605973166
48,42,6,14,3,6.03505787458989,5.17185926861672,0.863198605973166
48,43,5,14,2,5.6076046930271,5.17185926861672,0.435745424410378
48,44,4,14,2,5.6076046930271,5.17185926861672,0.435745424410378
48,45,3,15,1,5.70542229065208,5.59229652718323,0.113125763468843
48,46,2,15,1,5.70542229065208,5.59229652718323,0.113125763468843
48,47,1,15,0,5.59229652718323,5.59229652718323,0
48,48,0,16,0,6.00680048621966,6.00680048621966,0
49,0,49,0,24,9.86666529257677,0,9.86666529257677
49,1,48,0,24,9.86666529257677,0,9.86666529257677
49,2,47,0,23,9.43037399935069,0,9.43037399935069
49,3,46,1,23,9.43037399935069,0,9.43037399935069
49,4,45,1,22,8.99617340924405,0,8.99617340924405
49,5,44,1,22,8.99617340924405,0,8.99617340924405
49,6,43,2,21,8.97939628011262,0.412960517107589,8.56643576300503
49,7,42,2,21,8.97939628011262,0.412960517107589,8.56643576300503
49,8,41,2,20,8.54309875109257,0.412960517107589,8.13013823398498
49,9,40,3,20,8.86012280274062,0.729984568755643,8.13013823398498
49,10,39,3,19,8.41732608139169,0.729984568755643,7.68734151263604
49,11,38,3,19,8.41732608139169,0.729984568755643,7.68734151263604
49,12,37,4,18,8.39636635695134,1.13310165722302,7.26326469972832
49,13,36,4,18,8.39636635695134,1.13310165722302,7.26326469972832
49,14,35,4,17,7.95977085771697,1.13310165722302,6.82666920049394
49,15,34,5,17,8.36505259827343,1.53838339777949,6.82666920049394
49,16,33,5,16,7.9316441289302,1.53838339777949,6.39326073115071
49,17,32,5,16,7.9316441289302,1.53838339777949,6.39326073115071
49,18,31,6,15,7.84630338055971,1.8925738703109,5.95372951024881
49,19,30,6,15,7.84630338055971,1.8925738703109,5.95372951024881
49,20,29,6,14,7.42733272246687,1.8925738703109,5.53475885215598
49,21,28,7,14,7.87059489545032,2.33583604329434,5.53475885215598
49,22,27,7,13,7.42255621474191,2.33583604329434,5.08672017144757
49,23,26,7,13,7.42255621474191,2.33583604329434,5.08672017144757
49,24,25,8,12,7.38667848713586,2.73203128155293,4.65464720558293
49,25,24,8,12,7.38667848713586,2.73203128155293,4.65464720558293
49,26,23,8,11,6.9556655096291,2.73203128155293,4.22363422807617
49,27,22,9,11,7.34692326126644,3.12328903319027,4.22363422807617
49,28,21,9,10,6.93279065423124,3.12328903319027,3.80950162104097
49,29,20,9,10,6.93279065423124,3.12328903319027,3.80950162104097
49,30,19,10,9,6.91373667493643,3.55162940248443,3.36210727245199
49,31,18,10,9,6.91373667493643,3.55162940248443,3.36210727245199
49,32,17,10,8,6.4865682949898,3.55162940248443,2.93493889250537
49,33,16,11,8,6.88352663021942,3.94858773771405,2.93493889250537
49,34,15,11,7,6.46738759159019,3.94858773771405,2.51879985387614
49,35,14,11,7,6.46738759159019,3.94858773771405,2.51879985387614
49,36,13,12,6,6.451698762172,4.35936412149722,2.09233464067478
49,37,12,12,6,6.451698762172,4.35936412149722,2.09233464067478
49,38,11,12,5,6.00952500894596,4.35936412149722,1.65016088744874
49,39,10,13,5,6.42721518282075,4.77705429537201,1.65016088744874
49,40,9,13,4,6.02562955116515,4.77705429537201,1.24857525579314
49,41,8,13,4,6.02562955116515,4.77705429537201,1.24857525579314
49,42,7,14,3,6.03505787458989,5.17185926861672,0.863198605973166
49,43,6,14,3,6.03505787458989,5.17185926861672,0.863198605973166
49,44,5,14,2,5.6076046930271,5.17185926861672,0.435745424410378
49,45,4,15,2,6.02804195159361,5.59229652718323,0.435745424410378
49,46,3,15,1,5.70542229065208,5.59229652718323,0.113125763468843
49,47,2,15,1,5.70542229065208,5.59229652718323,0.113125763468843
49,48,1,16,0,6.00680048621966,6.00680048621966,0
49,49,0,16,0,6.00680048621966,6.00680048621966,0
50,0,50,0,25,10.2995609033164,0,10.2995609033164
50,1,49,0,24,9.86666529257677,0,9.86666529257677
50,2,48,0,24,9.86666529257677,0,9.86666529257677
50,3,47,1,23,9.43037399935069,0,9.43037399935069
50,4,46,1,23,9.43037399935069,0,9.43037399935069
50,5,45,1,22,8.99617340924405,0,8.99617340924405
50,6,44,2,22,9.40913392635164,0.412960517107589,8.99617340924405
50,7,43,2,21,8.97939628011262,0.412960517107589,8.56643576300503
50,8,42,2,21,8.97939628011262,0.412960517107589,8.56643576300503
50,9,41,3,20,8.86012280274062,0.729984568755643,8.13013823398498
50,10,40,3,20,8.86012280274062,0.729984568755643,8.13013823398498
50,11,39,3,19,8.41732608139169,0.729984568755643,7.68734151263604
50,12,38,4,19,8.82044316985907,1.13310165722302,7.68734151263604
50,13,37,4,18,8.39636635695134,1.13310165722302,7.26326469972832
50,14,36,4,18,8.39636635695134,1.13310165722302,7.26326469972832
50,15,35,5,17,8.36505259827343,1.53838339777949,6.82666920049394
50,16,34,5,17,8.36505259827343,1.53838339777949,6.82666920049394
50,17,33,5,16,7.9316441289302,1.53838339777949,6.39326073115071
50,18,32,6,16,8.28583460146161,1.8925738703109,6.39326073115071
50,19,31,6,15,7.84630338055971,1.8925738703109,5.95372951024881
50,20,30,6,15,7.84630338055971,1.8925738703109,5.95372951024881
50,21,29,7,14,7.87059489545032,2.33583604329434,5.53475885215598
50,22,28,7,14,7.87059489545032,2.33583604329434,5.53475885215598
50,23,27,7,13,7.42255621474191,2.33583604329434,5.08672017144757
50,24,26,8,13,7.81875145300049,2.73203128155293,5.08672017144757
50,25,25,8,12,7.38667848713586,2.73203128155293,4.65464720558293
50,26,24,8,12,7.38667848713586,2.73203128155293,4.65464720558293
50,27,23,9,11,7.34692326126644,3.12328903319027,4.22363422807617
50,28,22,9,11,7.34692326126644,3.12328903319027,4.22363422807617
50,29,21,9,10,6.93279065423124,3.12328903319027,3.80950162104097
50,30,20,10,10,7.3611310235254,3.55162940248443,3.80950162104097
50,31,19,10,9,6.91373667493643,3.55162940248443,3.36210727245199
50,32,18,10,9,6.91373667493643,3.55162940248443,3.36210727245199
50,33,17,11,8,6.88352663021942,3.94858773771405,2.93493889250537
50,34,16,11,8,6.88352663021942,3.94858773771405,2.93493889250537
50,35,15,11,7,6.46738759159019,3.94858773771405,2.51879985387614
50,36,14,12,7,6.87816397537336,4.35936412149722,2.51879985387614
50,37,13,12,6,6.451698762172,4.35936412149722,2.09233464067478
50,38,12,12,6,6.451698762172,4.35936412149722,2.09233464067478
50,39,11,13,5,6.42721518282075,4.77705429537201,1.65016088744874
50,40,10,13,5,6.42721518282075,4.77705429537201,1.65016088744874
50,41,9,13,4,6.02562955116515,4.77705429537201,1.24857525579314
50,42,8,14,4,6.42043452440986,5.17185926861672,1.24857525579314
50,43,7,14,3,6.03505787458989,5.17185926861672,0.863198605973166
50,44,6,14,3,6.03505787458989,5.17185926861672,0.863198605973166
50,45,5,15,2,6.02804195159361,5.59229652718323,0.435745424410378
50,46,4,15,2,6.02804195159361,5.59229652718323,0.435745424410378
50,47,3,15,1,5.70542229065208,5.59229652718323,0.113125763468843
50,48,2,16,1,6.1199262496885,6.00680048621966,0.113125763468843
50,49,1,16,0,6.00680048621966,6.00680048621966,0
50,50,0,16,0,6.00680048621966,6.00680048621966,0
