kSW,kGHZ,kBell,kA_GHZ,kB_GHZ,kC_GHZ,kA_Bell,kC_Bell,kA_Joint,kB_Joint,kC_Joint,policy,rateSum,rateGHZ,rateBell
1,0,1,0,0,0,0,0,0,0,0,GHZ_priority,0,0,0
1,0,1,0,0,0,0,0,0,0,0,Bell_priority,0,0,0
1,1,0,0,0,0,0,0,0,0,0,GHZ_priority,0,0,0
1,1,0,0,0,0,0,0,0,0,0,Bell_priority,0,0,0
2,0,2,0,0,0,1,1,1,0,1,GHZ_priority,0.129497057100225,0,0.129497057100225
2,0,2,0,0,0,1,1,1,0,1,Bell_priority,0.128335574764903,0,0.128335574764903
2,1,1,0,0,0,0,0,0,0,0,GHZ_priority,0,0,0
2,1,1,0,0,0,0,0,0,0,0,Bell_priority,0,0,0
2,2,0,0,0,0,0,0,0,0,0,GHZ_priority,0,0,0
2,2,0,0,0,0,0,0,0,0,0,Bell_priority,0,0,0
3,0,3,0,0,0,1,1,1,0,1,GHZ_priority,0.0971217181859153,0,0.0971217181859153
3,0,3,0,0,0,1,1,1,0,1,Bell_priority,0.0971217181859153,0,0.0971217181859153
3,1,2,0,0,0,1,1,1,0,1,GHZ_priority,0.118919605202731,0,0.118919605202731
3,1,2,0,0,0,1,1,1,0,1,Bell_priority,0.118919605202731,0,0.118919605202731
3,2,1,0,0,0,0,0,0,0,0,GHZ_priority,0,0,0
3,2,1,0,0,0,0,0,0,0,0,Bell_priority,0,0,0
3,3,0,1,1,1,0,0,1,1,1,GHZ_priority,0,0,0
3,3,0,1,1,1,0,0,1,1,1,Bell_priority,0,0,0
4,0,4,0,0,0,2,2,2,0,2,GHZ_priority,0.433828675617077,0,0.433828675617077
4,0,4,0,0,0,2,2,2,0,2,Bell_priority,0.433828675617077,0,0.433828675617077
4,1,3,0,0,0,1,1,1,0,1,GHZ_priority,0.105930346047359,0,0.105930346047359
4,1,3,0,0,0,1,1,1,0,1,Bell_priority,0.105930346047359,0,0.105930346047359
4,2,2,0,0,0,1,1,1,0,1,GHZ_priority,0.0773071500997209,0,0.0773071500997209
4,2,2,0,0,0,1,1,1,0,1,Bell_priority,0.0783734510366468,0,0.0783734510366468
4,3,1,1,1,1,0,0,1,1,1,GHZ_priority,0,0,0
4,3,1,1,1,1,0,0,1,1,1,Bell_priority,0,0,0
4,4,0,1,1,1,0,0,1,1,1,GHZ_priority,0,0,0
4,4,0,1,1,1,0,0,1,1,1,Bell_priority,0,0,0
5,0,5,0,0,0,2,2,2,0,2,GHZ_priority,0.34781400400102,0,0.34781400400102
5,0,5,0,0,0,2,2,2,0,2,Bell_priority,0.347874422838286,0,0.347874422838286
5,1,4,0,0,0,2,2,2,0,2,GHZ_priority,0.437994769805676,0,0.437994769805676
5,1,4,0,0,0,2,2,2,0,2,Bell_priority,0.437994769805676,0,0.437994769805676
5,2,3,0,0,0,1,1,1,0,1,GHZ_priority,0.103647489187077,0,0.103647489187077
5,2,3,0,0,0,1,1,1,0,1,Bell_priority,0.10586167475199,0,0.10586167475199
5,3,2,1,1,1,1,1,2,1,2,GHZ_priority,0.134471868392067,0.134471868392067,0
5,3,2,1,1,1,1,1,2,1,2,Bell_priority,0.446705938368408,0,0.446705938368408
5,4,1,1,1,1,0,0,1,1,1,GHZ_priority,0,0,0
5,4,1,1,1,1,0,0,1,1,1,Bell_priority,0,0,0
5,5,0,1,1,1,0,0,1,1,1,GHZ_priority,0,0,0
5,5,0,1,1,1,0,0,1,1,1,Bell_priority,0,0,0
6,0,6,0,0,0,3,3,3,0,3,GHZ_priority,0.901157188777295,0,0.901157188777295
6,0,6,0,0,0,3,3,3,0,3,Bell_priority,0.895016151801068,0,0.895016151801068
6,1,5,0,0,0,2,2,2,0,2,GHZ_priority,0.397835500521342,0,0.397835500521342
6,1,5,0,0,0,2,2,2,0,2,Bell_priority,0.397835500521342,0,0.397835500521342
6,2,4,0,0,0,2,2,2,0,2,GHZ_priority,0.519318256134824,0,0.519318256134824
6,2,4,0,0,0,2,2,2,0,2,Bell_priority,0.528299144477931,0,0.528299144477931
6,3,3,1,1,1,1,1,2,1,2,GHZ_priority,0.0723212345011789,0.0723212345011789,0
6,3,3,1,1,1,1,1,2,1,2,Bell_priority,0.425620575123051,0,0.425620575123051
6,4,2,1,1,1,1,1,2,1,2,GHZ_priority,0.130600759031119,0.130600759031119,0
6,4,2,1,1,1,1,1,2,1,2,Bell_priority,0.476581457463425,0,0.476581457463425
6,5,1,1,1,1,0,0,1,1,1,GHZ_priority,0,0,0
6,5,1,1,1,1,0,0,1,1,1,Bell_priority,0,0,0
6,6,0,2,2,2,0,0,2,2,2,GHZ_priority,0.400307014232069,0.400307014232069,0
6,6,0,2,2,2,0,0,2,2,2,Bell_priority,0.40545760954327,0.40545760954327,0
7,0,7,0,0,0,3,3,3,0,3,GHZ_priority,0.859437810755328,0,0.859437810755328
7,0,7,0,0,0,3,3,3,0,3,Bell_priority,0.859437810755328,0,0.859437810755328
7,1,6,0,0,0,3,3,3,0,3,GHZ_priority,0.83481979764735,0,0.83481979764735
7,1,6,0,0,0,3,3,3,0,3,Bell_priority,0.835365892780164,0,0.835365892780164
7,2,5,0,0,0,2,2,2,0,2,GHZ_priority,0.453709592268775,0,0.453709592268775
7,2,5,0,0,0,2,2,2,0,2,Bell_priority,0.449387143828264,0,0.449387143828264
7,3,4,1,1,1,2,2,3,1,3,GHZ_priority,0.399652336428594,0.202854396390408,0.196797940038185
7,3,4,1,1,1,2,2,3,1,3,Bell_priority,0.858978492687597,0,0.858978492687597
7,4,3,1,1,1,1,1,2,1,2,GHZ_priority,0.18347359056743,0.18347359056743,0
7,4,3,1,1,1,1,1,2,1,2,Bell_priority,0.434987054006134,0,0.434987054006134
7,5,2,1,1,1,1,1,2,1,2,GHZ_priority,0.0541079839662957,0.0541079839662957,0
7,5,2,1,1,1,1,1,2,1,2,Bell_priority,0.41703378421251,0,0.41703378421251
7,6,1,2,2,2,0,0,2,2,2,GHZ_priority,0.363010702573984,0.363010702573984,0
7,6,1,2,2,2,0,0,2,2,2,Bell_priority,0.36250135392715,0.36250135392715,0
7,7,0,2,2,2,0,0,2,2,2,GHZ_priority,0.396045271999596,0.396045271999596,0
7,7,0,2,2,2,0,0,2,2,2,Bell_priority,0.392652567127075,0.392652567127075,0
8,0,8,0,0,0,4,4,4,0,4,GHZ_priority,1.24521030036091,0,1.24521030036091
8,0,8,0,0,0,4,4,4,0,4,Bell_priority,1.24521030036091,0,1.24521030036091
8,1,7,0,0,0,3,3,3,0,3,GHZ_priority,0.877840432564271,0,0.877840432564271
8,1,7,0,0,0,3,3,3,0,3,Bell_priority,0.884823560195527,0,0.884823560195527
8,2,6,0,0,0,3,3,3,0,3,GHZ_priority,0.873766144052544,0,0.873766144052544
8,2,6,0,0,0,3,3,3,0,3,Bell_priority,0.86698841558501,0,0.86698841558501
8,3,5,1,1,1,2,2,3,1,3,GHZ_priority,0.409433063945703,0.210177496218314,0.199255567727389
8,3,5,1,1,1,2,2,3,1,3,Bell_priority,0.925516741176336,0,0.925516741176336
8,4,4,1,1,1,2,2,3,1,3,GHZ_priority,0.382837003328566,0.169750881416619,0.213086121911948
8,4,4,1,1,1,2,2,3,1,3,Bell_priority,0.895466172674104,0,0.895466172674104
8,5,3,1,1,1,1,1,2,1,2,GHZ_priority,0.124981018243845,0.124981018243845,0
8,5,3,1,1,1,1,1,2,1,2,Bell_priority,0.4623436298904,0,0.4623436298904
8,6,2,2,2,2,1,1,3,2,3,GHZ_priority,0.461727764464956,0.461727764464956,0
8,6,2,2,2,2,1,1,3,2,3,Bell_priority,0.76799581391517,0.146725265629248,0.621270548285923
8,7,1,2,2,2,0,0,2,2,2,GHZ_priority,0.376092796101309,0.376092796101309,0
8,7,1,2,2,2,0,0,2,2,2,Bell_priority,0.37609279610131,0.37609279610131,0
8,8,0,2,2,2,0,0,2,2,2,GHZ_priority,0.366480095730716,0.366480095730716,0
8,8,0,2,2,2,0,0,2,2,2,Bell_priority,0.363659242808669,0.363659242808669,0
9,0,9,0,0,0,4,4,4,0,4,GHZ_priority,1.22050563742747,0,1.22050563742747
9,0,9,0,0,0,4,4,4,0,4,Bell_priority,1.22050563742747,0,1.22050563742747
9,1,8,0,0,0,4,4,4,0,4,GHZ_priority,1.10523781456054,0,1.10523781456054
9,1,8,0,0,0,4,4,4,0,4,Bell_priority,1.10523781456054,0,1.10523781456054
9,2,7,0,0,0,3,3,3,0,3,GHZ_priority,0.951610520776097,0,0.951610520776097
9,2,7,0,0,0,3,3,3,0,3,Bell_priority,0.94469995654857,0,0.94469995654857
9,3,6,1,1,1,3,3,4,1,4,GHZ_priority,0.612231223454745,0.166064767996555,0.446166455458191
9,3,6,1,1,1,3,3,4,1,4,Bell_priority,1.19018628948003,0,1.19018628948003
9,4,5,1,1,1,2,2,3,1,3,GHZ_priority,0.367516281708178,0.15549521705193,0.212021064656247
9,4,5,1,1,1,2,2,3,1,3,Bell_priority,0.922259280346004,0,0.922259280346004
9,5,4,1,1,1,2,2,3,1,3,GHZ_priority,0.379162960642141,0.15861620472294,0.220546755919201
9,5,4,1,1,1,2,2,3,1,3,Bell_priority,0.805634659950613,0,0.805634659950613
9,6,3,2,2,2,1,1,3,2,3,GHZ_priority,0.531893607629228,0.531893607629228,0
9,6,3,2,2,2,1,1,3,2,3,Bell_priority,0.830900255904574,0.138326692019205,0.692573563885369
9,7,2,2,2,2,1,1,3,2,3,GHZ_priority,0.569470723120352,0.569470723120352,0
9,7,2,2,2,2,1,1,3,2,3,Bell_priority,0.795759194380766,0.140337357108381,0.655421837272385
9,8,1,2,2,2,0,0,2,2,2,GHZ_priority,0.468331120818918,0.468331120818918,0
9,8,1,2,2,2,0,0,2,2,2,Bell_priority,0.465912492257628,0.465912492257628,0
9,9,0,3,3,3,0,0,3,3,3,GHZ_priority,0.643146858986999,0.643146858986999,0
9,9,0,3,3,3,0,0,3,3,3,Bell_priority,0.650298860684047,0.650298860684047,0
10,0,10,0,0,0,5,5,5,0,5,GHZ_priority,1.61390659837108,0,1.61390659837108
10,0,10,0,0,0,5,5,5,0,5,Bell_priority,1.62678307234031,0,1.62678307234031
10,1,9,0,0,0,4,4,4,0,4,GHZ_priority,1.26306259487003,0,1.26306259487003
10,1,9,0,0,0,4,4,4,0,4,Bell_priority,1.26232086790349,0,1.26232086790349
10,2,8,0,0,0,4,4,4,0,4,GHZ_priority,1.20203226141516,0,1.20203226141516
10,2,8,0,0,0,4,4,4,0,4,Bell_priority,1.19164648721845,0,1.19164648721845
10,3,7,1,1,1,3,3,4,1,4,GHZ_priority,0.735451290640043,0.183848175324936,0.551603115315108
10,3,7,1,1,1,3,3,4,1,4,Bell_priority,1.35880098178319,0,1.35880098178319
10,4,6,1,1,1,3,3,4,1,4,GHZ_priority,0.652047544876878,0.18798543711307,0.464062107763808
10,4,6,1,1,1,3,3,4,1,4,Bell_priority,1.25900776330439,0,1.25900776330439
10,5,5,1,1,1,2,2,3,1,3,GHZ_priority,0.44532178232051,0.246903885690404,0.198417896630106
10,5,5,1,1,1,2,2,3,1,3,Bell_priority,0.852820777139522,0,0.852820777139522
10,6,4,2,2,2,2,2,4,2,4,GHZ_priority,0.665844041245127,0.594635665201091,0.0712083760440363
10,6,4,2,2,2,2,2,4,2,4,Bell_priority,1.1786029847666,0,1.1786029847666
10,7,3,2,2,2,1,1,3,2,3,GHZ_priority,0.519321037552005,0.519321037552005,0
10,7,3,2,2,2,1,1,3,2,3,Bell_priority,0.726731341700267,0.0806617233328676,0.646069618367399
10,8,2,2,2,2,1,1,3,2,3,GHZ_priority,0.524952289671775,0.524952289671775,0
10,8,2,2,2,2,1,1,3,2,3,Bell_priority,0.801666525859553,0.165441602090982,0.636224923768572
10,9,1,3,3,3,0,0,3,3,3,GHZ_priority,0.677803884292346,0.677803884292346,0
10,9,1,3,3,3,0,0,3,3,3,Bell_priority,0.650965569209094,0.650965569209094,0
10,10,0,3,3,3,0,0,3,3,3,GHZ_priority,0.640818263933418,0.640818263933418,0
10,10,0,3,3,3,0,0,3,3,3,Bell_priority,0.645681093010274,0.645681093010274,0
