kSW,kGHZ,kBell,kA,kD,rateSum,rateGHZ,rateBell
1,0,1,0,0,0,0,0
1,1,0,0,0,0,0,0
2,0,2,0,1,0.112440852435657,0,0.112440852435657
2,1,1,0,0,0,0,0
2,2,0,0,0,0,0,0
3,0,3,0,1,0.112440852435657,0,0.112440852435657
3,1,2,0,1,0.112440852435657,0,0.112440852435657
3,2,1,0,0,0,0,0
3,3,0,0,0,0,0,0
4,0,4,0,2,0.434745566747388,0,0.434745566747388
4,1,3,0,1,0.112440852435657,0,0.112440852435657
4,2,2,0,1,0.112440852435657,0,0.112440852435657
4,3,1,0,0,0,0,0
4,4,0,1,0,0,0,0
5,0,5,0,2,0.434745566747388,0,0.434745566747388
5,1,4,0,2,0.434745566747388,0,0.434745566747388
5,2,3,0,1,0.112440852435657,0,0.112440852435657
5,3,2,0,1,0.112440852435657,0,0.112440852435657
5,4,1,1,0,0,0,0
5,5,0,1,0,0,0,0
6,0,6,0,3,0.864186783067182,0,0.864186783067182
6,1,5,0,2,0.434745566747388,0,0.434745566747388
6,2,4,0,2,0.434745566747388,0,0.434745566747388
6,3,3,0,1,0.112440852435657,0,0.112440852435657
6,4,2,1,1,0.112440852435657,0,0.112440852435657
6,5,1,1,0,0,0,0
6,6,0,1,0,0,0,0
7,0,7,0,3,0.864186783067182,0,0.864186783067182
7,1,6,0,3,0.864186783067182,0,0.864186783067182
7,2,5,0,2,0.434745566747388,0,0.434745566747388
7,3,4,0,2,0.434745566747388,0,0.434745566747388
7,4,3,1,1,0.112440852435657,0,0.112440852435657
7,5,2,1,1,0.112440852435657,0,0.112440852435657
7,6,1,1,0,0,0,0
7,7,0,1,0,0,0,0
8,0,8,0,4,1.24776114669613,0,1.24776114669613
8,1,7,0,3,0.864186783067182,0,0.864186783067182
8,2,6,0,3,0.864186783067182,0,0.864186783067182
8,3,5,0,2,0.434745566747388,0,0.434745566747388
8,4,4,1,2,0.434745566747388,0,0.434745566747388
8,5,3,1,1,0.112440852435657,0,0.112440852435657
8,6,2,1,1,0.112440852435657,0,0.112440852435657
8,7,1,1,0,0,0,0
8,8,0,2,0,0.0984880965553853,0.0984880965553853,0
9,0,9,0,4,1.24776114669613,0,1.24776114669613
9,1,8,0,4,1.24776114669613,0,1.24776114669613
9,2,7,0,3,0.864186783067182,0,0.864186783067182
9,3,6,0,3,0.864186783067182,0,0.864186783067182
9,4,5,1,2,0.434745566747388,0,0.434745566747388
9,5,4,1,2,0.434745566747388,0,0.434745566747388
9,6,3,1,1,0.112440852435657,0,0.112440852435657
9,7,2,1,1,0.112440852435657,0,0.112440852435657
9,8,1,2,0,0.0984880965553853,0.0984880965553853,0
9,9,0,2,0,0.0984880965553853,0.0984880965553853,0
10,0,10,0,5,1.64961114012738,0,1.64961114012738
10,1,9,0,4,1.24776114669613,0,1.24776114669613
10,2,8,0,4,1.24776114669613,0,1.24776114669613
10,3,7,0,3,0.864186783067182,0,0.864186783067182
10,4,6,1,3,0.864186783067182,0,0.864186783067182
10,5,5,1,2,0.434745566747388,0,0.434745566747388
10,6,4,1,2,0.434745566747388,0,0.434745566747388
10,7,3,1,1,0.112440852435657,0,0.112440852435657
10,8,2,2,1,0.210928948991042,0.0984880965553853,0.112440852435657
10,9,1,2,0,0.0984880965553853,0.0984880965553853,0
10,10,0,2,0,0.0984880965553853,0.0984880965553853,0
11,0,11,0,5,1.64961114012738,0,1.64961114012738
11,1,10,0,5,1.64961114012738,0,1.64961114012738
11,2,9,0,4,1.24776114669613,0,1.24776114669613
11,3,8,0,4,1.24776114669613,0,1.24776114669613
11,4,7,1,3,0.864186783067182,0,0.864186783067182
11,5,6,1,3,0.864186783067182,0,0.864186783067182
11,6,5,1,2,0.434745566747388,0,0.434745566747388
11,7,4,1,2,0.434745566747388,0,0.434745566747388
11,8,3,2,1,0.210928948991042,0.0984880965553853,0.112440852435657
11,9,2,2,1,0.210928948991042,0.0984880965553853,0.112440852435657
11,10,1,2,0,0.0984880965553853,0.0984880965553853,0
11,11,0,2,0,0.0984880965553853,0.0984880965553853,0
12,0,12,0,6,2.09368195347993,0,2.09368195347993
12,1,11,0,5,1.64961114012738,0,1.64961114012738
12,2,10,0,5,1.64961114012738,0,1.64961114012738
12,3,9,0,4,1.24776114669613,0,1.24776114669613
12,4,8,1,4,1.24776114669613,0,1.24776114669613
12,5,7,1,3,0.864186783067182,0,0.864186783067182
12,6,6,1,3,0.864186783067182,0,0.864186783067182
12,7,5,1,2,0.434745566747388,0,0.434745566747388
12,8,4,2,2,0.533233663302773,0.0984880965553853,0.434745566747388
12,9,3,2,1,0.210928948991042,0.0984880965553853,0.112440852435657
12,10,2,2,1,0.210928948991042,0.0984880965553853,0.112440852435657
12,11,1,2,0,0.0984880965553853,0.0984880965553853,0
12,12,0,3,0,0.431371675175746,0.431371675175746,0
13,0,13,0,6,2.09368195347993,0,2.09368195347993
13,1,12,0,6,2.09368195347993,0,2.09368195347993
13,2,11,0,5,1.64961114012738,0,1.64961114012738
13,3,10,0,5,1.64961114012738,0,1.64961114012738
13,4,9,1,4,1.24776114669613,0,1.24776114669613
13,5,8,1,4,1.24776114669613,0,1.24776114669613
13,6,7,1,3,0.864186783067182,0,0.864186783067182
13,7,6,1,3,0.864186783067182,0,0.864186783067182
13,8,5,2,2,0.533233663302773,0.0984880965553853,0.434745566747388
13,9,4,2,2,0.533233663302773,0.0984880965553853,0.434745566747388
13,10,3,2,1,0.210928948991042,0.0984880965553853,0.112440852435657
13,11,2,2,1,0.210928948991042,0.0984880965553853,0.112440852435657
13,12,1,3,0,0.431371675175746,0.431371675175746,0
13,13,0,3,0,0.431371675175746,0.431371675175746,0
14,0,14,0,7,2.5196635494644,0,2.5196635494644
14,1,13,0,6,2.09368195347993,0,2.09368195347993
14,2,12,0,6,2.09368195347993,0,2.09368195347993
14,3,11,0,5,1.64961114012738,0,1.64961114012738
14,4,10,1,5,1.64961114012738,0,1.64961114012738
14,5,9,1,4,1.24776114669613,0,1.24776114669613
14,6,8,1,4,1.24776114669613,0,1.24776114669613
14,7,7,1,3,0.864186783067182,0,0.864186783067182
14,8,6,2,3,0.962674879622567,0.0984880965553853,0.864186783067182
14,9,5,2,2,0.533233663302773,0.0984880965553853,0.434745566747388
14,10,4,2,2,0.533233663302773,0.0984880965553853,0.434745566747388
14,11,3,2,1,0.210928948991042,0.0984880965553853,0.112440852435657
14,12,2,3,1,0.543812527611403,0.431371675175746,0.112440852435657
14,13,1,3,0,0.431371675175746,0.431371675175746,0
14,14,0,3,0,0.431371675175746,0.431371675175746,0
15,0,15,0,7,2.5196635494644,0,2.5196635494644
15,1,14,0,7,2.5196635494644,0,2.5196635494644
15,2,13,0,6,2.09368195347993,0,2.09368195347993
15,3,12,0,6,2.09368195347993,0,2.09368195347993
15,4,11,1,5,1.64961114012738,0,1.64961114012738
15,5,10,1,5,1.64961114012738,0,1.64961114012738
15,6,9,1,4,1.24776114669613,0,1.24776114669613
15,7,8,1,4,1.24776114669613,0,1.24776114669613
15,8,7,2,3,0.962674879622567,0.0984880965553853,0.864186783067182
15,9,6,2,3,0.962674879622567,0.0984880965553853,0.864186783067182
15,10,5,2,2,0.533233663302773,0.0984880965553853,0.434745566747388
15,11,4,2,2,0.533233663302773,0.0984880965553853,0.434745566747388
15,12,3,3,1,0.543812527611403,0.431371675175746,0.112440852435657
15,13,2,3,1,0.543812527611403,0.431371675175746,0.112440852435657
15,14,1,3,0,0.431371675175746,0.431371675175746,0
15,15,0,3,0,0.431371675175746,0.431371675175746,0
16,0,16,0,8,2.9343974800413,0,2.9343974800413
16,1,15,0,7,2.5196635494644,0,2.5196635494644
16,2,14,0,7,2.5196635494644,0,2.5196635494644
16,3,13,0,6,2.09368195347993,0,2.09368195347993
16,4,12,1,6,2.09368195347993,0,2.09368195347993
16,5,11,1,5,1.64961114012738,0,1.64961114012738
16,6,10,1,5,1.64961114012738,0,1.64961114012738
16,7,9,1,4,1.24776114669613,0,1.24776114669613
16,8,8,2,4,1.34624924325152,0.0984880965553853,1.24776114669613
16,9,7,2,3,0.962674879622567,0.0984880965553853,0.864186783067182
16,10,6,2,3,0.962674879622567,0.0984880965553853,0.864186783067182
16,11,5,2,2,0.533233663302773,0.0984880965553853,0.434745566747388
16,12,4,3,2,0.866117241923134,0.431371675175746,0.434745566747388
16,13,3,3,1,0.543812527611403,0.431371675175746,0.112440852435657
16,14,2,3,1,0.543812527611403,0.431371675175746,0.112440852435657
16,15,1,3,0,0.431371675175746,0.431371675175746,0
16,16,0,4,0,0.649172084018365,0.649172084018365,0
17,0,17,0,8,2.9343974800413,0,2.9343974800413
17,1,16,0,8,2.9343974800413,0,2.9343974800413
17,2,15,0,7,2.5196635494644,0,2.5196635494644
17,3,14,0,7,2.5196635494644,0,2.5196635494644
17,4,13,1,6,2.09368195347993,0,2.09368195347993
17,5,12,1,6,2.09368195347993,0,2.09368195347993
17,6,11,1,5,1.64961114012738,0,1.64961114012738
17,7,10,1,5,1.64961114012738,0,1.64961114012738
17,8,9,2,4,1.34624924325152,0.0984880965553853,1.24776114669613
17,9,8,2,4,1.34624924325152,0.0984880965553853,1.24776114669613
17,10,7,2,3,0.962674879622567,0.0984880965553853,0.864186783067182
17,11,6,2,3,0.962674879622567,0.0984880965553853,0.864186783067182
17,12,5,3,2,0.866117241923134,0.431371675175746,0.434745566747388
17,13,4,3,2,0.866117241923134,0.431371675175746,0.434745566747388
17,14,3,3,1,0.543812527611403,0.431371675175746,0.112440852435657
17,15,2,3,1,0.543812527611403,0.431371675175746,0.112440852435657
17,16,1,4,0,0.649172084018365,0.649172084018365,0
17,17,0,4,0,0.649172084018365,0.649172084018365,0
18,0,18,0,9,3.36256679821114,0,3.36256679821114
18,1,17,0,8,2.9343974800413,0,2.9343974800413
18,2,16,0,8,2.9343974800413,0,2.9343974800413
18,3,15,0,7,2.5196635494644,0,2.5196635494644
18,4,14,1,7,2.5196635494644,0,2.5196635494644
18,5,13,1,6,2.09368195347993,0,2.09368195347993
18,6,12,1,6,2.09368195347993,0,2.09368195347993
18,7,11,1,5,1.64961114012738,0,1.64961114012738
18,8,10,2,5,1.74809923668277,0.0984880965553853,1.64961114012738
18,9,9,2,4,1.34624924325152,0.0984880965553853,1.24776114669613
18,10,8,2,4,1.34624924325152,0.0984880965553853,1.24776114669613
18,11,7,2,3,0.962674879622567,0.0984880965553853,0.864186783067182
18,12,6,3,3,1.29555845824293,0.431371675175746,0.864186783067182
18,13,5,3,2,0.866117241923134,0.431371675175746,0.434745566747388
18,14,4,3,2,0.866117241923134,0.431371675175746,0.434745566747388
18,15,3,3,1,0.543812527611403,0.431371675175746,0.112440852435657
18,16,2,4,1,0.761612936454022,0.649172084018365,0.112440852435657
18,17,1,4,0,0.649172084018365,0.649172084018365,0
18,18,0,4,0,0.649172084018365,0.649172084018365,0
19,0,19,0,9,3.36256679821114,0,3.36256679821114
19,1,18,0,9,3.36256679821114,0,3.36256679821114
19,2,17,0,8,2.9343974800413,0,2.9343974800413
19,3,16,0,8,2.9343974800413,0,2.9343974800413
19,4,15,1,7,2.5196635494644,0,2.5196635494644
19,5,14,1,7,2.5196635494644,0,2.5196635494644
19,6,13,1,6,2.09368195347993,0,2.09368195347993
19,7,12,1,6,2.09368195347993,0,2.09368195347993
19,8,11,2,5,1.74809923668277,0.0984880965553853,1.64961114012738
19,9,10,2,5,1.74809923668277,0.0984880965553853,1.64961114012738
19,10,9,2,4,1.34624924325152,0.0984880965553853,1.24776114669613
19,11,8,2,4,1.34624924325152,0.0984880965553853,1.24776114669613
19,12,7,3,3,1.29555845824293,0.431371675175746,0.864186783067182
19,13,6,3,3,1.29555845824293,0.431371675175746,0.864186783067182
19,14,5,3,2,0.866117241923134,0.431371675175746,0.434745566747388
19,15,4,3,2,0.866117241923134,0.431371675175746,0.434745566747388
19,16,3,4,1,0.761612936454022,0.649172084018365,0.112440852435657
19,17,2,4,1,0.761612936454022,0.649172084018365,0.112440852435657
19,18,1,4,0,0.649172084018365,0.649172084018365,0
19,19,0,4,0,0.649172084018365,0.649172084018365,0
20,0,20,0,10,3.80855917134873,0,3.80855917134873
20,1,19,0,9,3.36256679821114,0,3.36256679821114
20,2,18,0,9,3.36256679821114,0,3.36256679821114
20,3,17,0,8,2.9343974800413,0,2.9343974800413
20,4,16,1,8,2.9343974800413,0,2.9343974800413
20,5,15,1,7,2.5196635494644,0,2.5196635494644
20,6,14,1,7,2.5196635494644,0,2.5196635494644
20,7,13,1,6,2.09368195347993,0,2.09368195347993
20,8,12,2,6,2.19217005003531,0.0984880965553853,2.09368195347993
20,9,11,2,5,1.74809923668277,0.0984880965553853,1.64961114012738
20,10,10,2,5,1.74809923668277,0.0984880965553853,1.64961114012738
20,11,9,2,4,1.34624924325152,0.0984880965553853,1.24776114669613
20,12,8,3,4,1.67913282187188,0.431371675175746,1.24776114669613
20,13,7,3,3,1.29555845824293,0.431371675175746,0.864186783067182
20,14,6,3,3,1.29555845824293,0.431371675175746,0.864186783067182
20,15,5,3,2,0.866117241923134,0.431371675175746,0.434745566747388
20,16,4,4,2,1.08391765076575,0.649172084018365,0.434745566747388
20,17,3,4,1,0.761612936454022,0.649172084018365,0.112440852435657
20,18,2,4,1,0.761612936454022,0.649172084018365,0.112440852435657
20,19,1,4,0,0.649172084018365,0.649172084018365,0
20,20,0,5,0,0.999551874271552,0.999551874271552,0
21,0,21,0,10,3.80855917134873,0,3.80855917134873
21,1,20,0,10,3.80855917134873,0,3.80855917134873
21,2,19,0,9,3.36256679821114,0,3.36256679821114
21,3,18,0,9,3.36256679821114,0,3.36256679821114
21,4,17,1,8,2.9343974800413,0,2.9343974800413
21,5,16,1,8,2.9343974800413,0,2.9343974800413
21,6,15,1,7,2.5196635494644,0,2.5196635494644
21,7,14,1,7,2.5196635494644,0,2.5196635494644
21,8,13,2,6,2.19217005003531,0.0984880965553853,2.09368195347993
21,9,12,2,6,2.19217005003531,0.0984880965553853,2.09368195347993
21,10,11,2,5,1.74809923668277,0.0984880965553853,1.64961114012738
21,11,10,2,5,1.74809923668277,0.0984880965553853,1.64961114012738
21,12,9,3,4,1.67913282187188,0.431371675175746,1.24776114669613
21,13,8,3,4,1.67913282187188,0.431371675175746,1.24776114669613
21,14,7,3,3,1.29555845824293,0.431371675175746,0.864186783067182
21,15,6,3,3,1.29555845824293,0.431371675175746,0.864186783067182
21,16,5,4,2,1.08391765076575,0.649172084018365,0.434745566747388
21,17,4,4,2,1.08391765076575,0.649172084018365,0.434745566747388
21,18,3,4,1,0.761612936454022,0.649172084018365,0.112440852435657
21,19,2,4,1,0.761612936454022,0.649172084018365,0.112440852435657
21,20,1,5,0,0.999551874271552,0.999551874271552,0
21,21,0,5,0,0.999551874271552,0.999551874271552,0
22,0,22,0,11,4.22561736954987,0,4.22561736954987
22,1,21,0,10,3.80855917134873,0,3.80855917134873
22,2,20,0,10,3.80855917134873,0,3.80855917134873
22,3,19,0,9,3.36256679821114,0,3.36256679821114
22,4,18,1,9,3.36256679821114,0,3.36256679821114
22,5,17,1,8,2.9343974800413,0,2.9343974800413
22,6,16,1,8,2.9343974800413,0,2.9343974800413
22,7,15,1,7,2.5196635494644,0,2.5196635494644
22,8,14,2,7,2.61815164601979,0.0984880965553853,2.5196635494644
22,9,13,2,6,2.19217005003531,0.0984880965553853,2.09368195347993
22,10,12,2,6,2.19217005003531,0.0984880965553853,2.09368195347993
22,11,11,2,5,1.74809923668277,0.0984880965553853,1.64961114012738
22,12,10,3,5,2.08098281530313,0.431371675175746,1.64961114012738
22,13,9,3,4,1.67913282187188,0.431371675175746,1.24776114669613
22,14,8,3,4,1.67913282187188,0.431371675175746,1.24776114669613
22,15,7,3,3,1.29555845824293,0.431371675175746,0.864186783067182
22,16,6,4,3,1.51335886708555,0.649172084018365,0.864186783067182
22,17,5,4,2,1.08391765076575,0.649172084018365,0.434745566747388
22,18,4,4,2,1.08391765076575,0.649172084018365,0.434745566747388
22,19,3,4,1,0.761612936454022,0.649172084018365,0.112440852435657
22,20,2,5,1,1.11199272670721,0.999551874271552,0.112440852435657
22,21,1,5,0,0.999551874271552,0.999551874271552,0
22,22,0,5,0,0.999551874271552,0.999551874271552,0
23,0,23,0,11,4.22561736954987,0,4.22561736954987
23,1,22,0,11,4.22561736954987,0,4.22561736954987
23,2,21,0,10,3.80855917134873,0,3.80855917134873
23,3,20,0,10,3.80855917134873,0,3.80855917134873
23,4,19,1,9,3.36256679821114,0,3.36256679821114
23,5,18,1,9,3.36256679821114,0,3.36256679821114
23,6,17,1,8,2.9343974800413,0,2.9343974800413
23,7,16,1,8,2.9343974800413,0,2.9343974800413
23,8,15,2,7,2.61815164601979,0.0984880965553853,2.5196635494644
23,9,14,2,7,2.61815164601979,0.0984880965553853,2.5196635494644
23,10,13,2,6,2.19217005003531,0.0984880965553853,2.09368195347993
23,11,12,2,6,2.19217005003531,0.0984880965553853,2.09368195347993
23,12,11,3,5,2.08098281530313,0.431371675175746,1.64961114012738
23,13,10,3,5,2.08098281530313,0.431371675175746,1.64961114012738
23,14,9,3,4,1.67913282187188,0.431371675175746,1.24776114669613
23,15,8,3,4,1.67913282187188,0.431371675175746,1.24776114669613
23,16,7,4,3,1.51335886708555,0.649172084018365,0.864186783067182
23,17,6,4,3,1.51335886708555,0.649172084018365,0.864186783067182
23,18,5,4,2,1.08391765076575,0.649172084018365,0.434745566747388
23,19,4,4,2,1.08391765076575,0.649172084018365,0.434745566747388
23,20,3,5,1,1.11199272670721,0.999551874271552,0.112440852435657
23,21,2,5,1,1.11199272670721,0.999551874271552,0.112440852435657
23,22,1,5,0,0.999551874271552,0.999551874271552,0
23,23,0,5,0,0.999551874271552,0.999551874271552,0
24,0,24,0,12,4.65370960450788,0,4.65370960450788
24,1,23,0,11,4.22561736954987,0,4.22561736954987
24,2,22,0,11,4.22561736954987,0,4.22561736954987
24,3,21,0,10,3.80855917134873,0,3.80855917134873
24,4,20,1,10,3.80855917134873,0,3.80855917134873
24,5,19,1,9,3.36256679821114,0,3.36256679821114
24,6,18,1,9,3.36256679821114,0,3.36256679821114
24,7,17,1,8,2.9343974800413,0,2.9343974800413
24,8,16,2,8,3.03288557659668,0.0984880965553853,2.9343974800413
24,9,15,2,7,2.61815164601979,0.0984880965553853,2.5196635494644
24,10,14,2,7,2.61815164601979,0.0984880965553853,2.5196635494644
24,11,13,2,6,2.19217005003531,0.0984880965553853,2.09368195347993
24,12,12,3,6,2.52505362865568,0.431371675175746,2.09368195347993
24,13,11,3,5,2.08098281530313,0.431371675175746,1.64961114012738
24,14,10,3,5,2.08098281530313,0.431371675175746,1.64961114012738
24,15,9,3,4,1.67913282187188,0.431371675175746,1.24776114669613
24,16,8,4,4,1.8969332307145,0.649172084018365,1.24776114669613
24,17,7,4,3,1.51335886708555,0.649172084018365,0.864186783067182
24,18,6,4,3,1.51335886708555,0.649172084018365,0.864186783067182
24,19,5,4,2,1.08391765076575,0.649172084018365,0.434745566747388
24,20,4,5,2,1.43429744101894,0.999551874271552,0.434745566747388
24,21,3,5,1,1.11199272670721,0.999551874271552,0.112440852435657
24,22,2,5,1,1.11199272670721,0.999551874271552,0.112440852435657
24,23,1,5,0,0.999551874271552,0.999551874271552,0
24,24,0,6,0,1.25587978604929,1.25587978604929,0
25,0,25,0,12,4.65370960450788,0,4.65370960450788
25,1,24,0,12,4.65370960450788,0,4.65370960450788
25,2,23,0,11,4.22561736954987,0,4.22561736954987
25,3,22,0,11,4.22561736954987,0,4.22561736954987
25,4,21,1,10,3.80855917134873,0,3.80855917134873
25,5,20,1,10,3.80855917134873,0,3.80855917134873
25,6,19,1,9,3.36256679821114,0,3.36256679821114
25,7,18,1,9,3.36256679821114,0,3.36256679821114
25,8,17,2,8,3.03288557659668,0.0984880965553853,2.9343974800413
25,9,16,2,8,3.03288557659668,0.0984880965553853,2.9343974800413
25,10,15,2,7,2.61815164601979,0.0984880965553853,2.5196635494644
25,11,14,2,7,2.61815164601979,0.0984880965553853,2.5196635494644
25,12,13,3,6,2.52505362865568,0.431371675175746,2.09368195347993
25,13,12,3,6,2.52505362865568,0.431371675175746,2.09368195347993
25,14,11,3,5,2.08098281530313,0.431371675175746,1.64961114012738
25,15,10,3,5,2.08098281530313,0.431371675175746,1.64961114012738
25,16,9,4,4,1.8969332307145,0.649172084018365,1.24776114669613
25,17,8,4,4,1.8969332307145,0.649172084018365,1.24776114669613
25,18,7,4,3,1.51335886708555,0.649172084018365,0.864186783067182
25,19,6,4,3,1.51335886708555,0.649172084018365,0.864186783067182
25,20,5,5,2,1.43429744101894,0.999551874271552,0.434745566747388
25,21,4,5,2,1.43429744101894,0.999551874271552,0.434745566747388
25,22,3,5,1,1.11199272670721,0.999551874271552,0.112440852435657
25,23,2,5,1,1.11199272670721,0.999551874271552,0.112440852435657
25,24,1,6,0,1.25587978604929,1.25587978604929,0
25,25,0,6,0,1.25587978604929,1.25587978604929,0
26,0,26,0,13,5.0867497947711,0,5.0867497947711
26,1,25,0,12,4.65370960450788,0,4.65370960450788
26,2,24,0,12,4.65370960450788,0,4.65370960450788
26,3,23,0,11,4.22561736954987,0,4.22561736954987
26,4,22,1,11,4.22561736954987,0,4.22561736954987
26,5,21,1,10,3.80855917134873,0,3.80855917134873
26,6,20,1,10,3.80855917134873,0,3.80855917134873
26,7,19,1,9,3.36256679821114,0,3.36256679821114
26,8,18,2,9,3.46105489476653,0.0984880965553853,3.36256679821114
26,9,17,2,8,3.03288557659668,0.0984880965553853,2.9343974800413
26,10,16,2,8,3.03288557659668,0.0984880965553853,2.9343974800413
26,11,15,2,7,2.61815164601979,0.0984880965553853,2.5196635494644
26,12,14,3,7,2.95103522464015,0.431371675175746,2.5196635494644
26,13,13,3,6,2.52505362865568,0.431371675175746,2.09368195347993
26,14,12,3,6,2.52505362865568,0.431371675175746,2.09368195347993
26,15,11,3,5,2.08098281530313,0.431371675175746,1.64961114012738
26,16,10,4,5,2.29878322414575,0.649172084018365,1.64961114012738
26,17,9,4,4,1.8969332307145,0.649172084018365,1.24776114669613
26,18,8,4,4,1.8969332307145,0.649172084018365,1.24776114669613
26,19,7,4,3,1.51335886708555,0.649172084018365,0.864186783067182
26,20,6,5,3,1.86373865733873,0.999551874271552,0.864186783067182
26,21,5,5,2,1.43429744101894,0.999551874271552,0.434745566747388
26,22,4,5,2,1.43429744101894,0.999551874271552,0.434745566747388
26,23,3,5,1,1.11199272670721,0.999551874271552,0.112440852435657
26,24,2,6,1,1.36832063848494,1.25587978604929,0.112440852435657
26,25,1,6,0,1.25587978604929,1.25587978604929,0
26,26,0,6,0,1.25587978604929,1.25587978604929,0
27,0,27,0,13,5.0867497947711,0,5.0867497947711
27,1,26,0,13,5.0867497947711,0,5.0867497947711
27,2,25,0,12,4.65370960450788,0,4.65370960450788
27,3,24,0,12,4.65370960450788,0,4.65370960450788
27,4,23,1,11,4.22561736954987,0,4.22561736954987
27,5,22,1,11,4.22561736954987,0,4.22561736954987
27,6,21,1,10,3.80855917134873,0,3.80855917134873
27,7,20,1,10,3.80855917134873,0,3.80855917134873
27,8,19,2,9,3.46105489476653,0.0984880965553853,3.36256679821114
27,9,18,2,9,3.46105489476653,0.0984880965553853,3.36256679821114
27,10,17,2,8,3.03288557659668,0.0984880965553853,2.9343974800413
27,11,16,2,8,3.03288557659668,0.0984880965553853,2.9343974800413
27,12,15,3,7,2.95103522464015,0.431371675175746,2.5196635494644
27,13,14,3,7,2.95103522464015,0.431371675175746,2.5196635494644
27,14,13,3,6,2.52505362865568,0.431371675175746,2.09368195347993
27,15,12,3,6,2.52505362865568,0.431371675175746,2.09368195347993
27,16,11,4,5,2.29878322414575,0.649172084018365,1.64961114012738
27,17,10,4,5,2.29878322414575,0.649172084018365,1.64961114012738
27,18,9,4,4,1.8969332307145,0.649172084018365,1.24776114669613
27,19,8,4,4,1.8969332307145,0.649172084018365,1.24776114669613
27,20,7,5,3,1.86373865733873,0.999551874271552,0.864186783067182
27,21,6,5,3,1.86373865733873,0.999551874271552,0.864186783067182
27,22,5,5,2,1.43429744101894,0.999551874271552,0.434745566747388
27,23,4,5,2,1.43429744101894,0.999551874271552,0.434745566747388
27,24,3,6,1,1.36832063848494,1.25587978604929,0.112440852435657
27,25,2,6,1,1.36832063848494,1.25587978604929,0.112440852435657
27,26,1,6,0,1.25587978604929,1.25587978604929,0
27,27,0,6,0,1.25587978604929,1.25587978604929,0
28,0,28,0,14,5.53694031033556,0,5.53694031033556
28,1,27,0,13,5.0867497947711,0,5.0867497947711
28,2,26,0,13,5.0867497947711,0,5.0867497947711
28,3,25,0,12,4.65370960450788,0,4.65370960450788
28,4,24,1,12,4.65370960450788,0,4.65370960450788
28,5,23,1,11,4.22561736954987,0,4.22561736954987
28,6,22,1,11,4.22561736954987,0,4.22561736954987
28,7,21,1,10,3.80855917134873,0,3.80855917134873
28,8,20,2,10,3.90704726790411,0.0984880965553853,3.80855917134873
28,9,19,2,9,3.46105489476653,0.0984880965553853,3.36256679821114
28,10,18,2,9,3.46105489476653,0.0984880965553853,3.36256679821114
28,11,17,2,8,3.03288557659668,0.0984880965553853,2.9343974800413
28,12,16,3,8,3.36576915521704,0.431371675175746,2.9343974800413
28,13,15,3,7,2.95103522464015,0.431371675175746,2.5196635494644
28,14,14,3,7,2.95103522464015,0.431371675175746,2.5196635494644
28,15,13,3,6,2.52505362865568,0.431371675175746,2.09368195347993
28,16,12,4,6,2.7428540374983,0.649172084018365,2.09368195347993
28,17,11,4,5,2.29878322414575,0.649172084018365,1.64961114012738
28,18,10,4,5,2.29878322414575,0.649172084018365,1.64961114012738
28,19,9,4,4,1.8969332307145,0.649172084018365,1.24776114669613
28,20,8,5,4,2.24731302096768,0.999551874271552,1.24776114669613
28,21,7,5,3,1.86373865733873,0.999551874271552,0.864186783067182
28,22,6,5,3,1.86373865733873,0.999551874271552,0.864186783067182
28,23,5,5,2,1.43429744101894,0.999551874271552,0.434745566747388
28,24,4,6,2,1.69062535279667,1.25587978604929,0.434745566747388
28,25,3,6,1,1.36832063848494,1.25587978604929,0.112440852435657
28,26,2,6,1,1.36832063848494,1.25587978604929,0.112440852435657
28,27,1,6,0,1.25587978604929,1.25587978604929,0
28,28,0,7,0,1.60179961125199,1.60179961125199,0
29,0,29,0,14,5.53694031033556,0,5.53694031033556
29,1,28,0,14,5.53694031033556,0,5.53694031033556
29,2,27,0,13,5.0867497947711,0,5.0867497947711
29,3,26,0,13,5.0867497947711,0,5.0867497947711
29,4,25,1,12,4.65370960450788,0,4.65370960450788
29,5,24,1,12,4.65370960450788,0,4.65370960450788
29,6,23,1,11,4.22561736954987,0,4.22561736954987
29,7,22,1,11,4.22561736954987,0,4.22561736954987
29,8,21,2,10,3.90704726790411,0.0984880965553853,3.80855917134873
29,9,20,2,10,3.90704726790411,0.0984880965553853,3.80855917134873
29,10,19,2,9,3.46105489476653,0.0984880965553853,3.36256679821114
29,11,18,2,9,3.46105489476653,0.0984880965553853,3.36256679821114
29,12,17,3,8,3.36576915521704,0.431371675175746,2.9343974800413
29,13,16,3,8,3.36576915521704,0.431371675175746,2.9343974800413
29,14,15,3,7,2.95103522464015,0.431371675175746,2.5196635494644
29,15,14,3,7,2.95103522464015,0.431371675175746,2.5196635494644
29,16,13,4,6,2.7428540374983,0.649172084018365,2.09368195347993
29,17,12,4,6,2.7428540374983,0.649172084018365,2.09368195347993
29,18,11,4,5,2.29878322414575,0.649172084018365,1.64961114012738
29,19,10,4,5,2.29878322414575,0.649172084018365,1.64961114012738
29,20,9,5,4,2.24731302096768,0.999551874271552,1.24776114669613
29,21,8,5,4,2.24731302096768,0.999551874271552,1.24776114669613
29,22,7,5,3,1.86373865733873,0.999551874271552,0.864186783067182
29,23,6,5,3,1.86373865733873,0.999551874271552,0.864186783067182
29,24,5,6,2,1.69062535279667,1.25587978604929,0.434745566747388
29,25,4,6,2,1.69062535279667,1.25587978604929,0.434745566747388
29,26,3,6,1,1.36832063848494,1.25587978604929,0.112440852435657
29,27,2,6,1,1.36832063848494,1.25587978604929,0.112440852435657
29,28,1,7,0,1.60179961125199,1.60179961125199,0
29,29,0,7,0,1.60179961125199,1.60179961125199,0
30,0,30,0,15,5.94972167823794,0,5.94972167823794
30,1,29,0,14,5.53694031033556,0,5.53694031033556
30,2,28,0,14,5.53694031033556,0,5.53694031033556
30,3,27,0,13,5.0867497947711,0,5.0867497947711
30,4,26,1,13,5.0867497947711,0,5.0867497947711
30,5,25,1,12,4.65370960450788,0,4.65370960450788
30,6,24,1,12,4.65370960450788,0,4.65370960450788
30,7,23,1,11,4.22561736954987,0,4.22561736954987
30,8,22,2,11,4.32410546610525,0.0984880965553853,4.22561736954987
30,9,21,2,10,3.90704726790411,0.0984880965553853,3.80855917134873
30,10,20,2,10,3.90704726790411,0.0984880965553853,3.80855917134873
30,11,19,2,9,3.46105489476653,0.0984880965553853,3.36256679821114
30,12,18,3,9,3.79393847338689,0.431371675175746,3.36256679821114
30,13,17,3,8,3.36576915521704,0.431371675175746,2.9343974800413
30,14,16,3,8,3.36576915521704,0.431371675175746,2.9343974800413
30,15,15,3,7,2.95103522464015,0.431371675175746,2.5196635494644
30,16,14,4,7,3.16883563348277,0.649172084018365,2.5196635494644
30,17,13,4,6,2.7428540374983,0.649172084018365,2.09368195347993
30,18,12,4,6,2.7428540374983,0.649172084018365,2.09368195347993
30,19,11,4,5,2.29878322414575,0.649172084018365,1.64961114012738
30,20,10,5,5,2.64916301439893,0.999551874271552,1.64961114012738
30,21,9,5,4,2.24731302096768,0.999551874271552,1.24776114669613
30,22,8,5,4,2.24731302096768,0.999551874271552,1.24776114669613
30,23,7,5,3,1.86373865733873,0.999551874271552,0.864186783067182
30,24,6,6,3,2.12006656911647,1.25587978604929,0.864186783067182
30,25,5,6,2,1.69062535279667,1.25587978604929,0.434745566747388
30,26,4,6,2,1.69062535279667,1.25587978604929,0.434745566747388
30,27,3,6,1,1.36832063848494,1.25587978604929,0.112440852435657
30,28,2,7,1,1.71424046368764,1.60179961125199,0.112440852435657
30,29,1,7,0,1.60179961125199,1.60179961125199,0
30,30,0,7,0,1.60179961125199,1.60179961125199,0
31,0,31,0,15,5.94972167823794,0,5.94972167823794
31,1,30,0,15,5.94972167823794,0,5.94972167823794
31,2,29,0,14,5.53694031033556,0,5.53694031033556
31,3,28,0,14,5.53694031033556,0,5.53694031033556
31,4,27,1,13,5.0867497947711,0,5.0867497947711
31,5,26,1,13,5.0867497947711,0,5.0867497947711
31,6,25,1,12,4.65370960450788,0,4.65370960450788
31,7,24,1,12,4.65370960450788,0,4.65370960450788
31,8,23,2,11,4.32410546610525,0.0984880965553853,4.22561736954987
31,9,22,2,11,4.32410546610525,0.0984880965553853,4.22561736954987
31,10,21,2,10,3.90704726790411,0.0984880965553853,3.80855917134873
31,11,20,2,10,3.90704726790411,0.0984880965553853,3.80855917134873
31,12,19,3,9,3.79393847338689,0.431371675175746,3.36256679821114
31,13,18,3,9,3.79393847338689,0.431371675175746,3.36256679821114
31,14,17,3,8,3.36576915521704,0.431371675175746,2.9343974800413
31,15,16,3,8,3.36576915521704,0.431371675175746,2.9343974800413
31,16,15,4,7,3.16883563348277,0.649172084018365,2.5196635494644
31,17,14,4,7,3.16883563348277,0.649172084018365,2.5196635494644
31,18,13,4,6,2.7428540374983,0.649172084018365,2.09368195347993
31,19,12,4,6,2.7428540374983,0.649172084018365,2.09368195347993
31,20,11,5,5,2.64916301439893,0.999551874271552,1.64961114012738
31,21,10,5,5,2.64916301439893,0.999551874271552,1.64961114012738
31,22,9,5,4,2.24731302096768,0.999551874271552,1.24776114669613
31,23,8,5,4,2.24731302096768,0.999551874271552,1.24776114669613
31,24,7,6,3,2.12006656911647,1.25587978604929,0.864186783067182
31,25,6,6,3,2.12006656911647,1.25587978604929,0.864186783067182
31,26,5,6,2,1.69062535279667,1.25587978604929,0.434745566747388
31,27,4,6,2,1.69062535279667,1.25587978604929,0.434745566747388
31,28,3,7,1,1.71424046368764,1.60179961125199,0.112440852435657
31,29,2,7,1,1.71424046368764,1.60179961125199,0.112440852435657
31,30,1,7,0,1.60179961125199,1.60179961125199,0
31,31,0,7,0,1.60179961125199,1.60179961125199,0
32,0,32,0,16,6.39318332828356,0,6.39318332828356
32,1,31,0,15,5.94972167823794,0,5.94972167823794
32,2,30,0,15,5.94972167823794,0,5.94972167823794
32,3,29,0,14,5.53694031033556,0,5.53694031033556
32,4,28,1,14,5.53694031033556,0,5.53694031033556
32,5,27,1,13,5.0867497947711,0,5.0867497947711
32,6,26,1,13,5.0867497947711,0,5.0867497947711
32,7,25,1,12,4.65370960450788,0,4.65370960450788
32,8,24,2,12,4.75219770106326,0.0984880965553853,4.65370960450788
32,9,23,2,11,4.32410546610525,0.0984880965553853,4.22561736954987
32,10,22,2,11,4.32410546610525,0.0984880965553853,4.22561736954987
32,11,21,2,10,3.90704726790411,0.0984880965553853,3.80855917134873
32,12,20,3,10,4.23993084652447,0.431371675175746,3.80855917134873
32,13,19,3,9,3.79393847338689,0.431371675175746,3.36256679821114
32,14,18,3,9,3.79393847338689,0.431371675175746,3.36256679821114
32,15,17,3,8,3.36576915521704,0.431371675175746,2.9343974800413
32,16,16,4,8,3.58356956405966,0.649172084018365,2.9343974800413
32,17,15,4,7,3.16883563348277,0.649172084018365,2.5196635494644
32,18,14,4,7,3.16883563348277,0.649172084018365,2.5196635494644
32,19,13,4,6,2.7428540374983,0.649172084018365,2.09368195347993
32,20,12,5,6,3.09323382775148,0.999551874271552,2.09368195347993
32,21,11,5,5,2.64916301439893,0.999551874271552,1.64961114012738
32,22,10,5,5,2.64916301439893,0.999551874271552,1.64961114012738
32,23,9,5,4,2.24731302096768,0.999551874271552,1.24776114669613
32,24,8,6,4,2.50364093274542,1.25587978604929,1.24776114669613
32,25,7,6,3,2.12006656911647,1.25587978604929,0.864186783067182
32,26,6,6,3,2.12006656911647,1.25587978604929,0.864186783067182
32,27,5,6,2,1.69062535279667,1.25587978604929,0.434745566747388
32,28,4,7,2,2.03654517799937,1.60179961125199,0.434745566747388
32,29,3,7,1,1.71424046368764,1.60179961125199,0.112440852435657
32,30,2,7,1,1.71424046368764,1.60179961125199,0.112440852435657
32,31,1,7,0,1.60179961125199,1.60179961125199,0
32,32,0,8,0,1.87672332988435,1.87672332988435,0
33,0,33,0,16,6.39318332828356,0,6.39318332828356
33,1,32,0,16,6.39318332828356,0,6.39318332828356
33,2,31,0,15,5.94972167823794,0,5.94972167823794
33,3,30,0,15,5.94972167823794,0,5.94972167823794
33,4,29,1,14,5.53694031033556,0,5.53694031033556
33,5,28,1,14,5.53694031033556,0,5.53694031033556
33,6,27,1,13,5.0867497947711,0,5.0867497947711
33,7,26,1,13,5.0867497947711,0,5.0867497947711
33,8,25,2,12,4.75219770106326,0.0984880965553853,4.65370960450788
33,9,24,2,12,4.75219770106326,0.0984880965553853,4.65370960450788
33,10,23,2,11,4.32410546610525,0.0984880965553853,4.22561736954987
33,11,22,2,11,4.32410546610525,0.0984880965553853,4.22561736954987
33,12,21,3,10,4.23993084652447,0.431371675175746,3.80855917134873
33,13,20,3,10,4.23993084652447,0.431371675175746,3.80855917134873
33,14,19,3,9,3.79393847338689,0.431371675175746,3.36256679821114
33,15,18,3,9,3.79393847338689,0.431371675175746,3.36256679821114
33,16,17,4,8,3.58356956405966,0.649172084018365,2.9343974800413
33,17,16,4,8,3.58356956405966,0.649172084018365,2.9343974800413
33,18,15,4,7,3.16883563348277,0.649172084018365,2.5196635494644
33,19,14,4,7,3.16883563348277,0.649172084018365,2.5196635494644
33,20,13,5,6,3.09323382775148,0.999551874271552,2.09368195347993
33,21,12,5,6,3.09323382775148,0.999551874271552,2.09368195347993
33,22,11,5,5,2.64916301439893,0.999551874271552,1.64961114012738
33,23,10,5,5,2.64916301439893,0.999551874271552,1.64961114012738
33,24,9,6,4,2.50364093274542,1.25587978604929,1.24776114669613
33,25,8,6,4,2.50364093274542,1.25587978604929,1.24776114669613
33,26,7,6,3,2.12006656911647,1.25587978604929,0.864186783067182
33,27,6,6,3,2.12006656911647,1.25587978604929,0.864186783067182
33,28,5,7,2,2.03654517799937,1.60179961125199,0.434745566747388
33,29,4,7,2,2.03654517799937,1.60179961125199,0.434745566747388
33,30,3,7,1,1.71424046368764,1.60179961125199,0.112440852435657
33,31,2,7,1,1.71424046368764,1.60179961125199,0.112440852435657
33,32,1,8,0,1.87672332988435,1.87672332988435,0
33,33,0,8,0,1.87672332988435,1.87672332988435,0
34,0,34,0,17,6.8255363682219,0,6.8255363682219
34,1,33,0,16,6.39318332828356,0,6.39318332828356
34,2,32,0,16,6.39318332828356,0,6.39318332828356
34,3,31,0,15,5.94972167823794,0,5.94972167823794
34,4,30,1,15,5.94972167823794,0,5.94972167823794
34,5,29,1,14,5.53694031033556,0,5.53694031033556
34,6,28,1,14,5.53694031033556,0,5.53694031033556
34,7,27,1,13,5.0867497947711,0,5.0867497947711
34,8,26,2,13,5.18523789132648,0.0984880965553853,5.0867497947711
34,9,25,2,12,4.75219770106326,0.0984880965553853,4.65370960450788
34,10,24,2,12,4.75219770106326,0.0984880965553853,4.65370960450788
34,11,23,2,11,4.32410546610525,0.0984880965553853,4.22561736954987
34,12,22,3,11,4.65698904472561,0.431371675175746,4.22561736954987
34,13,21,3,10,4.23993084652447,0.431371675175746,3.80855917134873
34,14,20,3,10,4.23993084652447,0.431371675175746,3.80855917134873
34,15,19,3,9,3.79393847338689,0.431371675175746,3.36256679821114
34,16,18,4,9,4.01173888222951,0.649172084018365,3.36256679821114
34,17,17,4,8,3.58356956405966,0.649172084018365,2.9343974800413
34,18,16,4,8,3.58356956405966,0.649172084018365,2.9343974800413
34,19,15,4,7,3.16883563348277,0.649172084018365,2.5196635494644
34,20,14,5,7,3.51921542373596,0.999551874271552,2.5196635494644
34,21,13,5,6,3.09323382775148,0.999551874271552,2.09368195347993
34,22,12,5,6,3.09323382775148,0.999551874271552,2.09368195347993
34,23,11,5,5,2.64916301439893,0.999551874271552,1.64961114012738
34,24,10,6,5,2.90549092617667,1.25587978604929,1.64961114012738
34,25,9,6,4,2.50364093274542,1.25587978604929,1.24776114669613
34,26,8,6,4,2.50364093274542,1.25587978604929,1.24776114669613
34,27,7,6,3,2.12006656911647,1.25587978604929,0.864186783067182
34,28,6,7,3,2.46598639431917,1.60179961125199,0.864186783067182
34,29,5,7,2,2.03654517799937,1.60179961125199,0.434745566747388
34,30,4,7,2,2.03654517799937,1.60179961125199,0.434745566747388
34,31,3,7,1,1.71424046368764,1.60179961125199,0.112440852435657
34,32,2,8,1,1.98916418232,1.87672332988435,0.112440852435657
34,33,1,8,0,1.87672332988435,1.87672332988435,0
34,34,0,8,0,1.87672332988435,1.87672332988435,0
35,0,35,0,17,6.8255363682219,0,6.8255363682219
35,1,34,0,17,6.8255363682219,0,6.8255363682219
35,2,33,0,16,6.39318332828356,0,6.39318332828356
35,3,32,0,16,6.39318332828356,0,6.39318332828356
35,4,31,1,15,5.94972167823794,0,5.94972167823794
35,5,30,1,15,5.94972167823794,0,5.94972167823794
35,6,29,1,14,5.53694031033556,0,5.53694031033556
35,7,28,1,14,5.53694031033556,0,5.53694031033556
35,8,27,2,13,5.18523789132648,0.0984880965553853,5.0867497947711
35,9,26,2,13,5.18523789132648,0.0984880965553853,5.0867497947711
35,10,25,2,12,4.75219770106326,0.0984880965553853,4.65370960450788
35,11,24,2,12,4.75219770106326,0.0984880965553853,4.65370960450788
35,12,23,3,11,4.65698904472561,0.431371675175746,4.22561736954987
35,13,22,3,11,4.65698904472561,0.431371675175746,4.22561736954987
35,14,21,3,10,4.23993084652447,0.431371675175746,3.80855917134873
35,15,20,3,10,4.23993084652447,0.431371675175746,3.80855917134873
35,16,19,4,9,4.01173888222951,0.649172084018365,3.36256679821114
35,17,18,4,9,4.01173888222951,0.649172084018365,3.36256679821114
35,18,17,4,8,3.58356956405966,0.649172084018365,2.9343974800413
35,19,16,4,8,3.58356956405966,0.649172084018365,2.9343974800413
35,20,15,5,7,3.51921542373596,0.999551874271552,2.5196635494644
35,21,14,5,7,3.51921542373596,0.999551874271552,2.5196635494644
35,22,13,5,6,3.09323382775148,0.999551874271552,2.09368195347993
35,23,12,5,6,3.09323382775148,0.999551874271552,2.09368195347993
35,24,11,6,5,2.90549092617667,1.25587978604929,1.64961114012738
35,25,10,6,5,2.90549092617667,1.25587978604929,1.64961114012738
35,26,9,6,4,2.50364093274542,1.25587978604929,1.24776114669613
35,27,8,6,4,2.50364093274542,1.25587978604929,1.24776114669613
35,28,7,7,3,2.46598639431917,1.60179961125199,0.864186783067182
35,29,6,7,3,2.46598639431917,1.60179961125199,0.864186783067182
35,30,5,7,2,2.03654517799937,1.60179961125199,0.434745566747388
35,31,4,7,2,2.03654517799937,1.60179961125199,0.434745566747388
35,32,3,8,1,1.98916418232,1.87672332988435,0.112440852435657
35,33,2,8,1,1.98916418232,1.87672332988435,0.112440852435657
35,34,1,8,0,1.87672332988435,1.87672332988435,0
35,35,0,8,0,1.87672332988435,1.87672332988435,0
36,0,36,0,18,7.26294610720209,0,7.26294610720209
36,1,35,0,17,6.8255363682219,0,6.8255363682219
36,2,34,0,17,6.8255363682219,0,6.8255363682219
36,3,33,0,16,6.39318332828356,0,6.39318332828356
36,4,32,1,16,6.39318332828356,0,6.39318332828356
36,5,31,1,15,5.94972167823794,0,5.94972167823794
36,6,30,1,15,5.94972167823794,0,5.94972167823794
36,7,29,1,14,5.53694031033556,0,5.53694031033556
36,8,28,2,14,5.63542840689094,0.0984880965553853,5.53694031033556
36,9,27,2,13,5.18523789132648,0.0984880965553853,5.0867497947711
36,10,26,2,13,5.18523789132648,0.0984880965553853,5.0867497947711
36,11,25,2,12,4.75219770106326,0.0984880965553853,4.65370960450788
36,12,24,3,12,5.08508127968362,0.431371675175746,4.65370960450788
36,13,23,3,11,4.65698904472561,0.431371675175746,4.22561736954987
36,14,22,3,11,4.65698904472561,0.431371675175746,4.22561736954987
36,15,21,3,10,4.23993084652447,0.431371675175746,3.80855917134873
36,16,20,4,10,4.45773125536709,0.649172084018365,3.80855917134873
36,17,19,4,9,4.01173888222951,0.649172084018365,3.36256679821114
36,18,18,4,9,4.01173888222951,0.649172084018365,3.36256679821114
36,19,17,4,8,3.58356956405966,0.649172084018365,2.9343974800413
36,20,16,5,8,3.93394935431285,0.999551874271552,2.9343974800413
36,21,15,5,7,3.51921542373596,0.999551874271552,2.5196635494644
36,22,14,5,7,3.51921542373596,0.999551874271552,2.5196635494644
36,23,13,5,6,3.09323382775148,0.999551874271552,2.09368195347993
36,24,12,6,6,3.34956173952922,1.25587978604929,2.09368195347993
36,25,11,6,5,2.90549092617667,1.25587978604929,1.64961114012738
36,26,10,6,5,2.90549092617667,1.25587978604929,1.64961114012738
36,27,9,6,4,2.50364093274542,1.25587978604929,1.24776114669613
36,28,8,7,4,2.84956075794812,1.60179961125199,1.24776114669613
36,29,7,7,3,2.46598639431917,1.60179961125199,0.864186783067182
36,30,6,7,3,2.46598639431917,1.60179961125199,0.864186783067182
36,31,5,7,2,2.03654517799937,1.60179961125199,0.434745566747388
36,32,4,8,2,2.31146889663174,1.87672332988435,0.434745566747388
36,33,3,8,1,1.98916418232,1.87672332988435,0.112440852435657
36,34,2,8,1,1.98916418232,1.87672332988435,0.112440852435657
36,35,1,8,0,1.87672332988435,1.87672332988435,0
36,36,0,9,0,2.21312119628057,2.21312119628057,0
37,0,37,0,18,7.26294610720209,0,7.26294610720209
37,1,36,0,18,7.26294610720209,0,7.26294610720209
37,2,35,0,17,6.8255363682219,0,6.8255363682219
37,3,34,0,17,6.8255363682219,0,6.8255363682219
37,4,33,1,16,6.39318332828356,0,6.39318332828356
37,5,32,1,16,6.39318332828356,0,6.39318332828356
37,6,31,1,15,5.94972167823794,0,5.94972167823794
37,7,30,1,15,5.94972167823794,0,5.94972167823794
37,8,29,2,14,5.63542840689094,0.0984880965553853,5.53694031033556
37,9,28,2,14,5.63542840689094,0.0984880965553853,5.53694031033556
37,10,27,2,13,5.18523789132648,0.0984880965553853,5.0867497947711
37,11,26,2,13,5.18523789132648,0.0984880965553853,5.0867497947711
37,12,25,3,12,5.08508127968362,0.431371675175746,4.65370960450788
37,13,24,3,12,5.08508127968362,0.431371675175746,4.65370960450788
37,14,23,3,11,4.65698904472561,0.431371675175746,4.22561736954987
37,15,22,3,11,4.65698904472561,0.431371675175746,4.22561736954987
37,16,21,4,10,4.45773125536709,0.649172084018365,3.80855917134873
37,17,20,4,10,4.45773125536709,0.649172084018365,3.80855917134873
37,18,19,4,9,4.01173888222951,0.649172084018365,3.36256679821114
37,19,18,4,9,4.01173888222951,0.649172084018365,3.36256679821114
37,20,17,5,8,3.93394935431285,0.999551874271552,2.9343974800413
37,21,16,5,8,3.93394935431285,0.999551874271552,2.9343974800413
37,22,15,5,7,3.51921542373596,0.999551874271552,2.5196635494644
37,23,14,5,7,3.51921542373596,0.999551874271552,2.5196635494644
37,24,13,6,6,3.34956173952922,1.25587978604929,2.09368195347993
37,25,12,6,6,3.34956173952922,1.25587978604929,2.09368195347993
37,26,11,6,5,2.90549092617667,1.25587978604929,1.64961114012738
37,27,10,6,5,2.90549092617667,1.25587978604929,1.64961114012738
37,28,9,7,4,2.84956075794812,1.60179961125199,1.24776114669613
37,29,8,7,4,2.84956075794812,1.60179961125199,1.24776114669613
37,30,7,7,3,2.46598639431917,1.60179961125199,0.864186783067182
37,31,6,7,3,2.46598639431917,1.60179961125199,0.864186783067182
37,32,5,8,2,2.31146889663174,1.87672332988435,0.434745566747388
37,33,4,8,2,2.31146889663174,1.87672332988435,0.434745566747388
37,34,3,8,1,1.98916418232,1.87672332988435,0.112440852435657
37,35,2,8,1,1.98916418232,1.87672332988435,0.112440852435657
37,36,1,9,0,2.21312119628057,2.21312119628057,0
37,37,0,9,0,2.21312119628057,2.21312119628057,0
38,0,38,0,19,7.68417451213319,0,7.68417451213319
38,1,37,0,18,7.26294610720209,0,7.26294610720209
38,2,36,0,18,7.26294610720209,0,7.26294610720209
38,3,35,0,17,6.8255363682219,0,6.8255363682219
38,4,34,1,17,6.8255363682219,0,6.8255363682219
38,5,33,1,16,6.39318332828356,0,6.39318332828356
38,6,32,1,16,6.39318332828356,0,6.39318332828356
38,7,31,1,15,5.94972167823794,0,5.94972167823794
38,8,30,2,15,6.04820977479333,0.0984880965553853,5.94972167823794
38,9,29,2,14,5.63542840689094,0.0984880965553853,5.53694031033556
38,10,28,2,14,5.63542840689094,0.0984880965553853,5.53694031033556
38,11,27,2,13,5.18523789132648,0.0984880965553853,5.0867497947711
38,12,26,3,13,5.51812146994684,0.431371675175746,5.0867497947711
38,13,25,3,12,5.08508127968362,0.431371675175746,4.65370960450788
38,14,24,3,12,5.08508127968362,0.431371675175746,4.65370960450788
38,15,23,3,11,4.65698904472561,0.431371675175746,4.22561736954987
38,16,22,4,11,4.87478945356823,0.649172084018365,4.22561736954987
38,17,21,4,10,4.45773125536709,0.649172084018365,3.80855917134873
38,18,20,4,10,4.45773125536709,0.649172084018365,3.80855917134873
38,19,19,4,9,4.01173888222951,0.649172084018365,3.36256679821114
38,20,18,5,9,4.36211867248269,0.999551874271552,3.36256679821114
38,21,17,5,8,3.93394935431285,0.999551874271552,2.9343974800413
38,22,16,5,8,3.93394935431285,0.999551874271552,2.9343974800413
38,23,15,5,7,3.51921542373596,0.999551874271552,2.5196635494644
38,24,14,6,7,3.77554333551369,1.25587978604929,2.5196635494644
38,25,13,6,6,3.34956173952922,1.25587978604929,2.09368195347993
38,26,12,6,6,3.34956173952922,1.25587978604929,2.09368195347993
38,27,11,6,5,2.90549092617667,1.25587978604929,1.64961114012738
38,28,10,7,5,3.25141075137937,1.60179961125199,1.64961114012738
38,29,9,7,4,2.84956075794812,1.60179961125199,1.24776114669613
38,30,8,7,4,2.84956075794812,1.60179961125199,1.24776114669613
38,31,7,7,3,2.46598639431917,1.60179961125199,0.864186783067182
38,32,6,8,3,2.74091011295153,1.87672332988435,0.864186783067182
38,33,5,8,2,2.31146889663174,1.87672332988435,0.434745566747388
38,34,4,8,2,2.31146889663174,1.87672332988435,0.434745566747388
38,35,3,8,1,1.98916418232,1.87672332988435,0.112440852435657
38,36,2,9,1,2.32556204871623,2.21312119628057,0.112440852435657
38,37,1,9,0,2.21312119628057,2.21312119628057,0
38,38,0,9,0,2.21312119628057,2.21312119628057,0
39,0,39,0,19,7.68417451213319,0,7.68417451213319
39,1,38,0,19,7.68417451213319,0,7.68417451213319
39,2,37,0,18,7.26294610720209,0,7.26294610720209
39,3,36,0,18,7.26294610720209,0,7.26294610720209
39,4,35,1,17,6.8255363682219,0,6.8255363682219
39,5,34,1,17,6.8255363682219,0,6.8255363682219
39,6,33,1,16,6.39318332828356,0,6.39318332828356
39,7,32,1,16,6.39318332828356,0,6.39318332828356
39,8,31,2,15,6.04820977479333,0.0984880965553853,5.94972167823794
39,9,30,2,15,6.04820977479333,0.0984880965553853,5.94972167823794
39,10,29,2,14,5.63542840689094,0.0984880965553853,5.53694031033556
39,11,28,2,14,5.63542840689094,0.0984880965553853,5.53694031033556
39,12,27,3,13,5.51812146994684,0.431371675175746,5.0867497947711
39,13,26,3,13,5.51812146994684,0.431371675175746,5.0867497947711
39,14,25,3,12,5.08508127968362,0.431371675175746,4.65370960450788
39,15,24,3,12,5.08508127968362,0.431371675175746,4.65370960450788
39,16,23,4,11,4.87478945356823,0.649172084018365,4.22561736954987
39,17,22,4,11,4.87478945356823,0.649172084018365,4.22561736954987
39,18,21,4,10,4.45773125536709,0.649172084018365,3.80855917134873
39,19,20,4,10,4.45773125536709,0.649172084018365,3.80855917134873
39,20,19,5,9,4.36211867248269,0.999551874271552,3.36256679821114
39,21,18,5,9,4.36211867248269,0.999551874271552,3.36256679821114
39,22,17,5,8,3.93394935431285,0.999551874271552,2.9343974800413
39,23,16,5,8,3.93394935431285,0.999551874271552,2.9343974800413
39,24,15,6,7,3.77554333551369,1.25587978604929,2.5196635494644
39,25,14,6,7,3.77554333551369,1.25587978604929,2.5196635494644
39,26,13,6,6,3.34956173952922,1.25587978604929,2.09368195347993
39,27,12,6,6,3.34956173952922,1.25587978604929,2.09368195347993
39,28,11,7,5,3.25141075137937,1.60179961125199,1.64961114012738
39,29,10,7,5,3.25141075137937,1.60179961125199,1.64961114012738
39,30,9,7,4,2.84956075794812,1.60179961125199,1.24776114669613
39,31,8,7,4,2.84956075794812,1.60179961125199,1.24776114669613
39,32,7,8,3,2.74091011295153,1.87672332988435,0.864186783067182
39,33,6,8,3,2.74091011295153,1.87672332988435,0.864186783067182
39,34,5,8,2,2.31146889663174,1.87672332988435,0.434745566747388
39,35,4,8,2,2.31146889663174,1.87672332988435,0.434745566747388
39,36,3,9,1,2.32556204871623,2.21312119628057,0.112440852435657
39,37,2,9,1,2.32556204871623,2.21312119628057,0.112440852435657
39,38,1,9,0,2.21312119628057,2.21312119628057,0
39,39,0,9,0,2.21312119628057,2.21312119628057,0
40,0,40,0,20,8.13139551622545,0,8.13139551622545
40,1,39,0,19,7.68417451213319,0,7.68417451213319
40,2,38,0,19,7.68417451213319,0,7.68417451213319
40,3,37,0,18,7.26294610720209,0,7.26294610720209
40,4,36,1,18,7.26294610720209,0,7.26294610720209
40,5,35,1,17,6.8255363682219,0,6.8255363682219
40,6,34,1,17,6.8255363682219,0,6.8255363682219
40,7,33,1,16,6.39318332828356,0,6.39318332828356
40,8,32,2,16,6.49167142483895,0.0984880965553853,6.39318332828356
40,9,31,2,15,6.04820977479333,0.0984880965553853,5.94972167823794
40,10,30,2,15,6.04820977479333,0.0984880965553853,5.94972167823794
40,11,29,2,14,5.63542840689094,0.0984880965553853,5.53694031033556
40,12,28,3,14,5.9683119855113,0.431371675175746,5.53694031033556
40,13,27,3,13,5.51812146994684,0.431371675175746,5.0867497947711
40,14,26,3,13,5.51812146994684,0.431371675175746,5.0867497947711
40,15,25,3,12,5.08508127968362,0.431371675175746,4.65370960450788
40,16,24,4,12,5.30288168852624,0.649172084018365,4.65370960450788
40,17,23,4,11,4.87478945356823,0.649172084018365,4.22561736954987
40,18,22,4,11,4.87478945356823,0.649172084018365,4.22561736954987
40,19,21,4,10,4.45773125536709,0.649172084018365,3.80855917134873
40,20,20,5,10,4.80811104562028,0.999551874271552,3.80855917134873
40,21,19,5,9,4.36211867248269,0.999551874271552,3.36256679821114
40,22,18,5,9,4.36211867248269,0.999551874271552,3.36256679821114
40,23,17,5,8,3.93394935431285,0.999551874271552,2.9343974800413
40,24,16,6,8,4.19027726609059,1.25587978604929,2.9343974800413
40,25,15,6,7,3.77554333551369,1.25587978604929,2.5196635494644
40,26,14,6,7,3.77554333551369,1.25587978604929,2.5196635494644
40,27,13,6,6,3.34956173952922,1.25587978604929,2.09368195347993
40,28,12,7,6,3.69548156473192,1.60179961125199,2.09368195347993
40,29,11,7,5,3.25141075137937,1.60179961125199,1.64961114012738
40,30,10,7,5,3.25141075137937,1.60179961125199,1.64961114012738
40,31,9,7,4,2.84956075794812,1.60179961125199,1.24776114669613
40,32,8,8,4,3.12448447658048,1.87672332988435,1.24776114669613
40,33,7,8,3,2.74091011295153,1.87672332988435,0.864186783067182
40,34,6,8,3,2.74091011295153,1.87672332988435,0.864186783067182
40,35,5,8,2,2.31146889663174,1.87672332988435,0.434745566747388
40,36,4,9,2,2.64786676302796,2.21312119628057,0.434745566747388
40,37,3,9,1,2.32556204871623,2.21312119628057,0.112440852435657
40,38,2,9,1,2.32556204871623,2.21312119628057,0.112440852435657
40,39,1,9,0,2.21312119628057,2.21312119628057,0
40,40,0,10,0,2.50336711328302,2.50336711328302,0
41,0,41,0,20,8.13139551622545,0,8.13139551622545
41,1,40,0,20,8.13139551622545,0,8.13139551622545
41,2,39,0,19,7.68417451213319,0,7.68417451213319
41,3,38,0,19,7.68417451213319,0,7.68417451213319
41,4,37,1,18,7.26294610720209,0,7.26294610720209
41,5,36,1,18,7.26294610720209,0,7.26294610720209
41,6,35,1,17,6.8255363682219,0,6.8255363682219
41,7,34,1,17,6.8255363682219,0,6.8255363682219
41,8,33,2,16,6.49167142483895,0.0984880965553853,6.39318332828356
41,9,32,2,16,6.49167142483895,0.0984880965553853,6.39318332828356
41,10,31,2,15,6.04820977479333,0.0984880965553853,5.94972167823794
41,11,30,2,15,6.04820977479333,0.0984880965553853,5.94972167823794
41,12,29,3,14,5.9683119855113,0.431371675175746,5.53694031033556
41,13,28,3,14,5.9683119855113,0.431371675175746,5.53694031033556
41,14,27,3,13,5.51812146994684,0.431371675175746,5.0867497947711
41,15,26,3,13,5.51812146994684,0.431371675175746,5.0867497947711
41,16,25,4,12,5.30288168852624,0.649172084018365,4.65370960450788
41,17,24,4,12,5.30288168852624,0.649172084018365,4.65370960450788
41,18,23,4,11,4.87478945356823,0.649172084018365,4.22561736954987
41,19,22,4,11,4.87478945356823,0.649172084018365,4.22561736954987
41,20,21,5,10,4.80811104562028,0.999551874271552,3.80855917134873
41,21,20,5,10,4.80811104562028,0.999551874271552,3.80855917134873
41,22,19,5,9,4.36211867248269,0.999551874271552,3.36256679821114
41,23,18,5,9,4.36211867248269,0.999551874271552,3.36256679821114
41,24,17,6,8,4.19027726609059,1.25587978604929,2.9343974800413
41,25,16,6,8,4.19027726609059,1.25587978604929,2.9343974800413
41,26,15,6,7,3.77554333551369,1.25587978604929,2.5196635494644
41,27,14,6,7,3.77554333551369,1.25587978604929,2.5196635494644
41,28,13,7,6,3.69548156473192,1.60179961125199,2.09368195347993
41,29,12,7,6,3.69548156473192,1.60179961125199,2.09368195347993
41,30,11,7,5,3.25141075137937,1.60179961125199,1.64961114012738
41,31,10,7,5,3.25141075137937,1.60179961125199,1.64961114012738
41,32,9,8,4,3.12448447658048,1.87672332988435,1.24776114669613
41,33,8,8,4,3.12448447658048,1.87672332988435,1.24776114669613
41,34,7,8,3,2.74091011295153,1.87672332988435,0.864186783067182
41,35,6,8,3,2.74091011295153,1.87672332988435,0.864186783067182
41,36,5,9,2,2.64786676302796,2.21312119628057,0.434745566747388
41,37,4,9,2,2.64786676302796,2.21312119628057,0.434745566747388
41,38,3,9,1,2.32556204871623,2.21312119628057,0.112440852435657
41,39,2,9,1,2.32556204871623,2.21312119628057,0.112440852435657
41,40,1,10,0,2.50336711328302,2.50336711328302,0
41,41,0,10,0,2.50336711328302,2.50336711328302,0
42,0,42,0,21,8.56566085512404,0,8.56566085512404
42,1,41,0,20,8.13139551622545,0,8.13139551622545
42,2,40,0,20,8.13139551622545,0,8.13139551622545
42,3,39,0,19,7.68417451213319,0,7.68417451213319
42,4,38,1,19,7.68417451213319,0,7.68417451213319
42,5,37,1,18,7.26294610720209,0,7.26294610720209
42,6,36,1,18,7.26294610720209,0,7.26294610720209
42,7,35,1,17,6.8255363682219,0,6.8255363682219
42,8,34,2,17,6.92402446477729,0.0984880965553853,6.8255363682219
42,9,33,2,16,6.49167142483895,0.0984880965553853,6.39318332828356
42,10,32,2,16,6.49167142483895,0.0984880965553853,6.39318332828356
42,11,31,2,15,6.04820977479333,0.0984880965553853,5.94972167823794
42,12,30,3,15,6.38109335341369,0.431371675175746,5.94972167823794
42,13,29,3,14,5.9683119855113,0.431371675175746,5.53694031033556
42,14,28,3,14,5.9683119855113,0.431371675175746,5.53694031033556
42,15,27,3,13,5.51812146994684,0.431371675175746,5.0867497947711
42,16,26,4,13,5.73592187878946,0.649172084018365,5.0867497947711
42,17,25,4,12,5.30288168852624,0.649172084018365,4.65370960450788
42,18,24,4,12,5.30288168852624,0.649172084018365,4.65370960450788
42,19,23,4,11,4.87478945356823,0.649172084018365,4.22561736954987
42,20,22,5,11,5.22516924382142,0.999551874271552,4.22561736954987
42,21,21,5,10,4.80811104562028,0.999551874271552,3.80855917134873
42,22,20,5,10,4.80811104562028,0.999551874271552,3.80855917134873
42,23,19,5,9,4.36211867248269,0.999551874271552,3.36256679821114
42,24,18,6,9,4.61844658426043,1.25587978604929,3.36256679821114
42,25,17,6,8,4.19027726609059,1.25587978604929,2.9343974800413
42,26,16,6,8,4.19027726609059,1.25587978604929,2.9343974800413
42,27,15,6,7,3.77554333551369,1.25587978604929,2.5196635494644
42,28,14,7,7,4.12146316071639,1.60179961125199,2.5196635494644
42,29,13,7,6,3.69548156473192,1.60179961125199,2.09368195347993
42,30,12,7,6,3.69548156473192,1.60179961125199,2.09368195347993
42,31,11,7,5,3.25141075137937,1.60179961125199,1.64961114012738
42,32,10,8,5,3.52633447001173,1.87672332988435,1.64961114012738
42,33,9,8,4,3.12448447658048,1.87672332988435,1.24776114669613
42,34,8,8,4,3.12448447658048,1.87672332988435,1.24776114669613
42,35,7,8,3,2.74091011295153,1.87672332988435,0.864186783067182
42,36,6,9,3,3.07730797934775,2.21312119628057,0.864186783067182
42,37,5,9,2,2.64786676302796,2.21312119628057,0.434745566747388
42,38,4,9,2,2.64786676302796,2.21312119628057,0.434745566747388
42,39,3,9,1,2.32556204871623,2.21312119628057,0.112440852435657
42,40,2,10,1,2.61580796571867,2.50336711328302,0.112440852435657
42,41,1,10,0,2.50336711328302,2.50336711328302,0
42,42,0,10,0,2.50336711328302,2.50336711328302,0
43,0,43,0,21,8.56566085512404,0,8.56566085512404
43,1,42,0,21,8.56566085512404,0,8.56566085512404
43,2,41,0,20,8.13139551622545,0,8.13139551622545
43,3,40,0,20,8.13139551622545,0,8.13139551622545
43,4,39,1,19,7.68417451213319,0,7.68417451213319
43,5,38,1,19,7.68417451213319,0,7.68417451213319
43,6,37,1,18,7.26294610720209,0,7.26294610720209
43,7,36,1,18,7.26294610720209,0,7.26294610720209
43,8,35,2,17,6.92402446477729,0.0984880965553853,6.8255363682219
43,9,34,2,17,6.92402446477729,0.0984880965553853,6.8255363682219
43,10,33,2,16,6.49167142483895,0.0984880965553853,6.39318332828356
43,11,32,2,16,6.49167142483895,0.0984880965553853,6.39318332828356
43,12,31,3,15,6.38109335341369,0.431371675175746,5.94972167823794
43,13,30,3,15,6.38109335341369,0.431371675175746,5.94972167823794
43,14,29,3,14,5.9683119855113,0.431371675175746,5.53694031033556
43,15,28,3,14,5.9683119855113,0.431371675175746,5.53694031033556
43,16,27,4,13,5.73592187878946,0.649172084018365,5.0867497947711
43,17,26,4,13,5.73592187878946,0.649172084018365,5.0867497947711
43,18,25,4,12,5.30288168852624,0.649172084018365,4.65370960450788
43,19,24,4,12,5.30288168852624,0.649172084018365,4.65370960450788
43,20,23,5,11,5.22516924382142,0.999551874271552,4.22561736954987
43,21,22,5,11,5.22516924382142,0.999551874271552,4.22561736954987
43,22,21,5,10,4.80811104562028,0.999551874271552,3.80855917134873
43,23,20,5,10,4.80811104562028,0.999551874271552,3.80855917134873
43,24,19,6,9,4.61844658426043,1.25587978604929,3.36256679821114
43,25,18,6,9,4.61844658426043,1.25587978604929,3.36256679821114
43,26,17,6,8,4.19027726609059,1.25587978604929,2.9343974800413
43,27,16,6,8,4.19027726609059,1.25587978604929,2.9343974800413
43,28,15,7,7,4.12146316071639,1.60179961125199,2.5196635494644
43,29,14,7,7,4.12146316071639,1.60179961125199,2.5196635494644
43,30,13,7,6,3.69548156473192,1.60179961125199,2.09368195347993
43,31,12,7,6,3.69548156473192,1.60179961125199,2.09368195347993
43,32,11,8,5,3.52633447001173,1.87672332988435,1.64961114012738
43,33,10,8,5,3.52633447001173,1.87672332988435,1.64961114012738
43,34,9,8,4,3.12448447658048,1.87672332988435,1.24776114669613
43,35,8,8,4,3.12448447658048,1.87672332988435,1.24776114669613
43,36,7,9,3,3.07730797934775,2.21312119628057,0.864186783067182
43,37,6,9,3,3.07730797934775,2.21312119628057,0.864186783067182
43,38,5,9,2,2.64786676302796,2.21312119628057,0.434745566747388
43,39,4,9,2,2.64786676302796,2.21312119628057,0.434745566747388
43,40,3,10,1,2.61580796571867,2.50336711328302,0.112440852435657
43,41,2,10,1,2.61580796571867,2.50336711328302,0.112440852435657
43,42,1,10,0,2.50336711328302,2.50336711328302,0
43,43,0,10,0,2.50336711328302,2.50336711328302,0
44,0,44,0,22,8.99799771326775,0,8.99799771326775
44,1,43,0,21,8.56566085512404,0,8.56566085512404
44,2,42,0,21,8.56566085512404,0,8.56566085512404
44,3,41,0,20,8.13139551622545,0,8.13139551622545
44,4,40,1,20,8.13139551622545,0,8.13139551622545
44,5,39,1,19,7.68417451213319,0,7.68417451213319
44,6,38,1,19,7.68417451213319,0,7.68417451213319
44,7,37,1,18,7.26294610720209,0,7.26294610720209
44,8,36,2,18,7.36143420375747,0.0984880965553853,7.26294610720209
44,9,35,2,17,6.92402446477729,0.0984880965553853,6.8255363682219
44,10,34,2,17,6.92402446477729,0.0984880965553853,6.8255363682219
44,11,33,2,16,6.49167142483895,0.0984880965553853,6.39318332828356
44,12,32,3,16,6.82455500345931,0.431371675175746,6.39318332828356
44,13,31,3,15,6.38109335341369,0.431371675175746,5.94972167823794
44,14,30,3,15,6.38109335341369,0.431371675175746,5.94972167823794
44,15,29,3,14,5.9683119855113,0.431371675175746,5.53694031033556
44,16,28,4,14,6.18611239435392,0.649172084018365,5.53694031033556
44,17,27,4,13,5.73592187878946,0.649172084018365,5.0867497947711
44,18,26,4,13,5.73592187878946,0.649172084018365,5.0867497947711
44,19,25,4,12,5.30288168852624,0.649172084018365,4.65370960450788
44,20,24,5,12,5.65326147877943,0.999551874271552,4.65370960450788
44,21,23,5,11,5.22516924382142,0.999551874271552,4.22561736954987
44,22,22,5,11,5.22516924382142,0.999551874271552,4.22561736954987
44,23,21,5,10,4.80811104562028,0.999551874271552,3.80855917134873
44,24,20,6,10,5.06443895739801,1.25587978604929,3.80855917134873
44,25,19,6,9,4.61844658426043,1.25587978604929,3.36256679821114
44,26,18,6,9,4.61844658426043,1.25587978604929,3.36256679821114
44,27,17,6,8,4.19027726609059,1.25587978604929,2.9343974800413
44,28,16,7,8,4.53619709129328,1.60179961125199,2.9343974800413
44,29,15,7,7,4.12146316071639,1.60179961125199,2.5196635494644
44,30,14,7,7,4.12146316071639,1.60179961125199,2.5196635494644
44,31,13,7,6,3.69548156473192,1.60179961125199,2.09368195347993
44,32,12,8,6,3.97040528336428,1.87672332988435,2.09368195347993
44,33,11,8,5,3.52633447001173,1.87672332988435,1.64961114012738
44,34,10,8,5,3.52633447001173,1.87672332988435,1.64961114012738
44,35,9,8,4,3.12448447658048,1.87672332988435,1.24776114669613
44,36,8,9,4,3.4608823429767,2.21312119628057,1.24776114669613
44,37,7,9,3,3.07730797934775,2.21312119628057,0.864186783067182
44,38,6,9,3,3.07730797934775,2.21312119628057,0.864186783067182
44,39,5,9,2,2.64786676302796,2.21312119628057,0.434745566747388
44,40,4,10,2,2.9381126800304,2.50336711328302,0.434745566747388
44,41,3,10,1,2.61580796571867,2.50336711328302,0.112440852435657
44,42,2,10,1,2.61580796571867,2.50336711328302,0.112440852435657
44,43,1,10,0,2.50336711328302,2.50336711328302,0
44,44,0,11,0,2.83365056564999,2.83365056564999,0
45,0,45,0,22,8.99799771326775,0,8.99799771326775
45,1,44,0,22,8.99799771326775,0,8.99799771326775
45,2,43,0,21,8.56566085512404,0,8.56566085512404
45,3,42,0,21,8.56566085512404,0,8.56566085512404
45,4,41,1,20,8.13139551622545,0,8.13139551622545
45,5,40,1,20,8.13139551622545,0,8.13139551622545
45,6,39,1,19,7.68417451213319,0,7.68417451213319
45,7,38,1,19,7.68417451213319,0,7.68417451213319
45,8,37,2,18,7.36143420375747,0.0984880965553853,7.26294610720209
45,9,36,2,18,7.36143420375747,0.0984880965553853,7.26294610720209
45,10,35,2,17,6.92402446477729,0.0984880965553853,6.8255363682219
45,11,34,2,17,6.92402446477729,0.0984880965553853,6.8255363682219
45,12,33,3,16,6.82455500345931,0.431371675175746,6.39318332828356
45,13,32,3,16,6.82455500345931,0.431371675175746,6.39318332828356
45,14,31,3,15,6.38109335341369,0.431371675175746,5.94972167823794
45,15,30,3,15,6.38109335341369,0.431371675175746,5.94972167823794
45,16,29,4,14,6.18611239435392,0.649172084018365,5.53694031033556
45,17,28,4,14,6.18611239435392,0.649172084018365,5.53694031033556
45,18,27,4,13,5.73592187878946,0.649172084018365,5.0867497947711
45,19,26,4,13,5.73592187878946,0.649172084018365,5.0867497947711
45,20,25,5,12,5.65326147877943,0.999551874271552,4.65370960450788
45,21,24,5,12,5.65326147877943,0.999551874271552,4.65370960450788
45,22,23,5,11,5.22516924382142,0.999551874271552,4.22561736954987
45,23,22,5,11,5.22516924382142,0.999551874271552,4.22561736954987
45,24,21,6,10,5.06443895739801,1.25587978604929,3.80855917134873
45,25,20,6,10,5.06443895739801,1.25587978604929,3.80855917134873
45,26,19,6,9,4.61844658426043,1.25587978604929,3.36256679821114
45,27,18,6,9,4.61844658426043,1.25587978604929,3.36256679821114
45,28,17,7,8,4.53619709129328,1.60179961125199,2.9343974800413
45,29,16,7,8,4.53619709129328,1.60179961125199,2.9343974800413
45,30,15,7,7,4.12146316071639,1.60179961125199,2.5196635494644
45,31,14,7,7,4.12146316071639,1.60179961125199,2.5196635494644
45,32,13,8,6,3.97040528336428,1.87672332988435,2.09368195347993
45,33,12,8,6,3.97040528336428,1.87672332988435,2.09368195347993
45,34,11,8,5,3.52633447001173,1.87672332988435,1.64961114012738
45,35,10,8,5,3.52633447001173,1.87672332988435,1.64961114012738
45,36,9,9,4,3.4608823429767,2.21312119628057,1.24776114669613
45,37,8,9,4,3.4608823429767,2.21312119628057,1.24776114669613
45,38,7,9,3,3.07730797934775,2.21312119628057,0.864186783067182
45,39,6,9,3,3.07730797934775,2.21312119628057,0.864186783067182
45,40,5,10,2,2.9381126800304,2.50336711328302,0.434745566747388
45,41,4,10,2,2.9381126800304,2.50336711328302,0.434745566747388
45,42,3,10,1,2.61580796571867,2.50336711328302,0.112440852435657
45,43,2,10,1,2.61580796571867,2.50336711328302,0.112440852435657
45,44,1,11,0,2.83365056564999,2.83365056564999,0
45,45,0,11,0,2.83365056564999,2.83365056564999,0
46,0,46,0,23,9.43206812461728,0,9.43206812461728
46,1,45,0,22,8.99799771326775,0,8.99799771326775
46,2,44,0,22,8.99799771326775,0,8.99799771326775
46,3,43,0,21,8.56566085512404,0,8.56566085512404
46,4,42,1,21,8.56566085512404,0,8.56566085512404
46,5,41,1,20,8.13139551622545,0,8.13139551622545
46,6,40,1,20,8.13139551622545,0,8.13139551622545
46,7,39,1,19,7.68417451213319,0,7.68417451213319
46,8,38,2,19,7.78266260868857,0.0984880965553853,7.68417451213319
46,9,37,2,18,7.36143420375747,0.0984880965553853,7.26294610720209
46,10,36,2,18,7.36143420375747,0.0984880965553853,7.26294610720209
46,11,35,2,17,6.92402446477729,0.0984880965553853,6.8255363682219
46,12,34,3,17,7.25690804339765,0.431371675175746,6.8255363682219
46,13,33,3,16,6.82455500345931,0.431371675175746,6.39318332828356
46,14,32,3,16,6.82455500345931,0.431371675175746,6.39318332828356
46,15,31,3,15,6.38109335341369,0.431371675175746,5.94972167823794
46,16,30,4,15,6.59889376225631,0.649172084018365,5.94972167823794
46,17,29,4,14,6.18611239435392,0.649172084018365,5.53694031033556
46,18,28,4,14,6.18611239435392,0.649172084018365,5.53694031033556
46,19,27,4,13,5.73592187878946,0.649172084018365,5.0867497947711
46,20,26,5,13,6.08630166904265,0.999551874271552,5.0867497947711
46,21,25,5,12,5.65326147877943,0.999551874271552,4.65370960450788
46,22,24,5,12,5.65326147877943,0.999551874271552,4.65370960450788
46,23,23,5,11,5.22516924382142,0.999551874271552,4.22561736954987
46,24,22,6,11,5.48149715559915,1.25587978604929,4.22561736954987
46,25,21,6,10,5.06443895739801,1.25587978604929,3.80855917134873
46,26,20,6,10,5.06443895739801,1.25587978604929,3.80855917134873
46,27,19,6,9,4.61844658426043,1.25587978604929,3.36256679821114
46,28,18,7,9,4.96436640946313,1.60179961125199,3.36256679821114
46,29,17,7,8,4.53619709129328,1.60179961125199,2.9343974800413
46,30,16,7,8,4.53619709129328,1.60179961125199,2.9343974800413
46,31,15,7,7,4.12146316071639,1.60179961125199,2.5196635494644
46,32,14,8,7,4.39638687934875,1.87672332988435,2.5196635494644
46,33,13,8,6,3.97040528336428,1.87672332988435,2.09368195347993
46,34,12,8,6,3.97040528336428,1.87672332988435,2.09368195347993
46,35,11,8,5,3.52633447001173,1.87672332988435,1.64961114012738
46,36,10,9,5,3.86273233640795,2.21312119628057,1.64961114012738
46,37,9,9,4,3.4608823429767,2.21312119628057,1.24776114669613
46,38,8,9,4,3.4608823429767,2.21312119628057,1.24776114669613
46,39,7,9,3,3.07730797934775,2.21312119628057,0.864186783067182
46,40,6,10,3,3.3675538963502,2.50336711328302,0.864186783067182
46,41,5,10,2,2.9381126800304,2.50336711328302,0.434745566747388
46,42,4,10,2,2.9381126800304,2.50336711328302,0.434745566747388
46,43,3,10,1,2.61580796571867,2.50336711328302,0.112440852435657
46,44,2,11,1,2.94609141808565,2.83365056564999,0.112440852435657
46,45,1,11,0,2.83365056564999,2.83365056564999,0
46,46,0,11,0,2.83365056564999,2.83365056564999,0
47,0,47,0,23,9.43206812461728,0,9.43206812461728
47,1,46,0,23,9.43206812461728,0,9.43206812461728
47,2,45,0,22,8.99799771326775,0,8.99799771326775
47,3,44,0,22,8.99799771326775,0,8.99799771326775
47,4,43,1,21,8.56566085512404,0,8.56566085512404
47,5,42,1,21,8.56566085512404,0,8.56566085512404
47,6,41,1,20,8.13139551622545,0,8.13139551622545
47,7,40,1,20,8.13139551622545,0,8.13139551622545
47,8,39,2,19,7.78266260868857,0.0984880965553853,7.68417451213319
47,9,38,2,19,7.78266260868857,0.0984880965553853,7.68417451213319
47,10,37,2,18,7.36143420375747,0.0984880965553853,7.26294610720209
47,11,36,2,18,7.36143420375747,0.0984880965553853,7.26294610720209
47,12,35,3,17,7.25690804339765,0.431371675175746,6.8255363682219
47,13,34,3,17,7.25690804339765,0.431371675175746,6.8255363682219
47,14,33,3,16,6.82455500345931,0.431371675175746,6.39318332828356
47,15,32,3,16,6.82455500345931,0.431371675175746,6.39318332828356
47,16,31,4,15,6.59889376225631,0.649172084018365,5.94972167823794
47,17,30,4,15,6.59889376225631,0.649172084018365,5.94972167823794
47,18,29,4,14,6.18611239435392,0.649172084018365,5.53694031033556
47,19,28,4,14,6.18611239435392,0.649172084018365,5.53694031033556
47,20,27,5,13,6.08630166904265,0.999551874271552,5.0867497947711
47,21,26,5,13,6.08630166904265,0.999551874271552,5.0867497947711
47,22,25,5,12,5.65326147877943,0.999551874271552,4.65370960450788
47,23,24,5,12,5.65326147877943,0.999551874271552,4.65370960450788
47,24,23,6,11,5.48149715559915,1.25587978604929,4.22561736954987
47,25,22,6,11,5.48149715559915,1.25587978604929,4.22561736954987
47,26,21,6,10,5.06443895739801,1.25587978604929,3.80855917134873
47,27,20,6,10,5.06443895739801,1.25587978604929,3.80855917134873
47,28,19,7,9,4.96436640946313,1.60179961125199,3.36256679821114
47,29,18,7,9,4.96436640946313,1.60179961125199,3.36256679821114
47,30,17,7,8,4.53619709129328,1.60179961125199,2.9343974800413
47,31,16,7,8,4.53619709129328,1.60179961125199,2.9343974800413
47,32,15,8,7,4.39638687934875,1.87672332988435,2.5196635494644
47,33,14,8,7,4.39638687934875,1.87672332988435,2.5196635494644
47,34,13,8,6,3.97040528336428,1.87672332988435,2.09368195347993
47,35,12,8,6,3.97040528336428,1.87672332988435,2.09368195347993
47,36,11,9,5,3.86273233640795,2.21312119628057,1.64961114012738
47,37,10,9,5,3.86273233640795,2.21312119628057,1.64961114012738
47,38,9,9,4,3.4608823429767,2.21312119628057,1.24776114669613
47,39,8,9,4,3.4608823429767,2.21312119628057,1.24776114669613
47,40,7,10,3,3.3675538963502,2.50336711328302,0.864186783067182
47,41,6,10,3,3.3675538963502,2.50336711328302,0.864186783067182
47,42,5,10,2,2.9381126800304,2.50336711328302,0.434745566747388
47,43,4,10,2,2.9381126800304,2.50336711328302,0.434745566747388
47,44,3,11,1,2.94609141808565,2.83365056564999,0.112440852435657
47,45,2,11,1,2.94609141808565,2.83365056564999,0.112440852435657
47,46,1,11,0,2.83365056564999,2.83365056564999,0
47,47,0,11,0,2.83365056564999,2.83365056564999,0
48,0,48,0,24,9.86742029932681,0,9.86742029932681
48,1,47,0,23,9.43206812461728,0,9.43206812461728
48,2,46,0,23,9.43206812461728,0,9.43206812461728
48,3,45,0,22,8.99799771326775,0,8.99799771326775
48,4,44,1,22,8.99799771326775,0,8.99799771326775
48,5,43,1,21,8.56566085512404,0,8.56566085512404
48,6,42,1,21,8.56566085512404,0,8.56566085512404
48,7,41,1,20,8.13139551622545,0,8.13139551622545
48,8,40,2,20,8.22988361278083,0.0984880965553853,8.13139551622545
48,9,39,2,19,7.78266260868857,0.0984880965553853,7.68417451213319
48,10,38,2,19,7.78266260868857,0.0984880965553853,7.68417451213319
48,11,37,2,18,7.36143420375747,0.0984880965553853,7.26294610720209
48,12,36,3,18,7.69431778237784,0.431371675175746,7.26294610720209
48,13,35,3,17,7.25690804339765,0.431371675175746,6.8255363682219
48,14,34,3,17,7.25690804339765,0.431371675175746,6.8255363682219
48,15,33,3,16,6.82455500345931,0.431371675175746,6.39318332828356
48,16,32,4,16,7.04235541230193,0.649172084018365,6.39318332828356
48,17,31,4,15,6.59889376225631,0.649172084018365,5.94972167823794
48,18,30,4,15,6.59889376225631,0.649172084018365,5.94972167823794
48,19,29,4,14,6.18611239435392,0.649172084018365,5.53694031033556
48,20,28,5,14,6.53649218460711,0.999551874271552,5.53694031033556
48,21,27,5,13,6.08630166904265,0.999551874271552,5.0867497947711
48,22,26,5,13,6.08630166904265,0.999551874271552,5.0867497947711
48,23,25,5,12,5.65326147877943,0.999551874271552,4.65370960450788
48,24,24,6,12,5.90958939055716,1.25587978604929,4.65370960450788
48,25,23,6,11,5.48149715559915,1.25587978604929,4.22561736954987
48,26,22,6,11,5.48149715559915,1.25587978604929,4.22561736954987
48,27,21,6,10,5.06443895739801,1.25587978604929,3.80855917134873
48,28,20,7,10,5.41035878260071,1.60179961125199,3.80855917134873
48,29,19,7,9,4.96436640946313,1.60179961125199,3.36256679821114
48,30,18,7,9,4.96436640946313,1.60179961125199,3.36256679821114
48,31,17,7,8,4.53619709129328,1.60179961125199,2.9343974800413
48,32,16,8,8,4.81112080992565,1.87672332988435,2.9343974800413
48,33,15,8,7,4.39638687934875,1.87672332988435,2.5196635494644
48,34,14,8,7,4.39638687934875,1.87672332988435,2.5196635494644
48,35,13,8,6,3.97040528336428,1.87672332988435,2.09368195347993
48,36,12,9,6,4.3068031497605,2.21312119628057,2.09368195347993
48,37,11,9,5,3.86273233640795,2.21312119628057,1.64961114012738
48,38,10,9,5,3.86273233640795,2.21312119628057,1.64961114012738
48,39,9,9,4,3.4608823429767,2.21312119628057,1.24776114669613
48,40,8,10,4,3.75112825997915,2.50336711328302,1.24776114669613
48,41,7,10,3,3.3675538963502,2.50336711328302,0.864186783067182
48,42,6,10,3,3.3675538963502,2.50336711328302,0.864186783067182
48,43,5,10,2,2.9381126800304,2.50336711328302,0.434745566747388
48,44,4,11,2,3.26839613239738,2.83365056564999,0.434745566747388
48,45,3,11,1,2.94609141808565,2.83365056564999,0.112440852435657
48,46,2,11,1,2.94609141808565,2.83365056564999,0.112440852435657
48,47,1,11,0,2.83365056564999,2.83365056564999,0
48,48,0,12,0,3.12891781875998,3.12891781875998,0
49,0,49,0,24,9.86742029932681,0,9.86742029932681
49,1,48,0,24,9.86742029932681,0,9.86742029932681
49,2,47,0,23,9.43206812461728,0,9.43206812461728
49,3,46,0,23,9.43206812461728,0,9.43206812461728
49,4,45,1,22,8.99799771326775,0,8.99799771326775
49,5,44,1,22,8.99799771326775,0,8.99799771326775
49,6,43,1,21,8.56566085512404,0,8.56566085512404
49,7,42,1,21,8.56566085512404,0,8.56566085512404
49,8,41,2,20,8.22988361278083,0.0984880965553853,8.13139551622545
49,9,40,2,20,8.22988361278083,0.0984880965553853,8.13139551622545
49,10,39,2,19,7.78266260868857,0.0984880965553853,7.68417451213319
49,11,38,2,19,7.78266260868857,0.0984880965553853,7.68417451213319
49,12,37,3,18,7.69431778237784,0.431371675175746,7.26294610720209
49,13,36,3,18,7.69431778237784,0.431371675175746,7.26294610720209
49,14,35,3,17,7.25690804339765,0.431371675175746,6.8255363682219
49,15,34,3,17,7.25690804339765,0.431371675175746,6.8255363682219
49,16,33,4,16,7.04235541230193,0.649172084018365,6.39318332828356
49,17,32,4,16,7.04235541230193,0.649172084018365,6.39318332828356
49,18,31,4,15,6.59889376225631,0.649172084018365,5.94972167823794
49,19,30,4,15,6.59889376225631,0.649172084018365,5.94972167823794
49,20,29,5,14,6.53649218460711,0.999551874271552,5.53694031033556
49,21,28,5,14,6.53649218460711,0.999551874271552,5.53694031033556
49,22,27,5,13,6.08630166904265,0.999551874271552,5.0867497947711
49,23,26,5,13,6.08630166904265,0.999551874271552,5.0867497947711
49,24,25,6,12,5.90958939055716,1.25587978604929,4.65370960450788
49,25,24,6,12,5.90958939055716,1.25587978604929,4.65370960450788
49,26,23,6,11,5.48149715559915,1.25587978604929,4.22561736954987
49,27,22,6,11,5.48149715559915,1.25587978604929,4.22561736954987
49,28,21,7,10,5.41035878260071,1.60179961125199,3.80855917134873
49,29,20,7,10,5.41035878260071,1.60179961125199,3.80855917134873
49,30,19,7,9,4.96436640946313,1.60179961125199,3.36256679821114
49,31,18,7,9,4.96436640946313,1.60179961125199,3.36256679821114
49,32,17,8,8,4.81112080992565,1.87672332988435,2.9343974800413
49,33,16,8,8,4.81112080992565,1.87672332988435,2.9343974800413
49,34,15,8,7,4.39638687934875,1.87672332988435,2.5196635494644
49,35,14,8,7,4.39638687934875,1.87672332988435,2.5196635494644
49,36,13,9,6,4.3068031497605,2.21312119628057,2.09368195347993
49,37,12,9,6,4.3068031497605,2.21312119628057,2.09368195347993
49,38,11,9,5,3.86273233640795,2.21312119628057,1.64961114012738
49,39,10,9,5,3.86273233640795,2.21312119628057,1.64961114012738
49,40,9,10,4,3.75112825997915,2.50336711328302,1.24776114669613
49,41,8,10,4,3.75112825997915,2.50336711328302,1.24776114669613
49,42,7,10,3,3.3675538963502,2.50336711328302,0.864186783067182
49,43,6,10,3,3.3675538963502,2.50336711328302,0.864186783067182
49,44,5,11,2,3.26839613239738,2.83365056564999,0.434745566747388
49,45,4,11,2,3.26839613239738,2.83365056564999,0.434745566747388
49,46,3,11,1,2.94609141808565,2.83365056564999,0.112440852435657
49,47,2,11,1,2.94609141808565,2.83365056564999,0.112440852435657
49,48,1,12,0,3.12891781875998,3.12891781875998,0
49,49,0,12,0,3.12891781875998,3.12891781875998,0
50,0,50,0,25,10.3066146730798,0,10.3066146730798
50,1,49,0,24,9.86742029932681,0,9.86742029932681
50,2,48,0,24,9.86742029932681,0,9.86742029932681
50,3,47,0,23,9.43206812461728,0,9.43206812461728
50,4,46,1,23,9.43206812461728,0,9.43206812461728
50,5,45,1,22,8.99799771326775,0,8.99799771326775
50,6,44,1,22,8.99799771326775,0,8.99799771326775
50,7,43,1,21,8.56566085512404,0,8.56566085512404
50,8,42,2,21,8.66414895167942,0.0984880965553853,8.56566085512404
50,9,41,2,20,8.22988361278083,0.0984880965553853,8.13139551622545
50,10,40,2,20,8.22988361278083,0.0984880965553853,8.13139551622545
50,11,39,2,19,7.78266260868857,0.0984880965553853,7.68417451213319
50,12,38,3,19,8.11554618730893,0.431371675175746,7.68417451213319
50,13,37,3,18,7.69431778237784,0.431371675175746,7.26294610720209
50,14,36,3,18,7.69431778237784,0.431371675175746,7.26294610720209
50,15,35,3,17,7.25690804339765,0.431371675175746,6.8255363682219
50,16,34,4,17,7.47470845224027,0.649172084018365,6.8255363682219
50,17,33,4,16,7.04235541230193,0.649172084018365,6.39318332828356
50,18,32,4,16,7.04235541230193,0.649172084018365,6.39318332828356
50,19,31,4,15,6.59889376225631,0.649172084018365,5.94972167823794
50,20,30,5,15,6.94927355250949,0.999551874271552,5.94972167823794
50,21,29,5,14,6.53649218460711,0.999551874271552,5.53694031033556
50,22,28,5,14,6.53649218460711,0.999551874271552,5.53694031033556
50,23,27,5,13,6.08630166904265,0.999551874271552,5.0867497947711
50,24,26,6,13,6.34262958082038,1.25587978604929,5.0867497947711
50,25,25,6,12,5.90958939055716,1.25587978604929,4.65370960450788
50,26,24,6,12,5.90958939055716,1.25587978604929,4.65370960450788
50,27,23,6,11,5.48149715559915,1.25587978604929,4.22561736954987
50,28,22,7,11,5.82741698080185,1.60179961125199,4.22561736954987
50,29,21,7,10,5.41035878260071,1.60179961125199,3.80855917134873
50,30,20,7,10,5.41035878260071,1.60179961125199,3.80855917134873
50,31,19,7,9,4.96436640946313,1.60179961125199,3.36256679821114
50,32,18,8,9,5.23929012809549,1.87672332988435,3.36256679821114
50,33,17,8,8,4.81112080992565,1.87672332988435,2.9343974800413
50,34,16,8,8,4.81112080992565,1.87672332988435,2.9343974800413
50,35,15,8,7,4.39638687934875,1.87672332988435,2.5196635494644
50,36,14,9,7,4.73278474574498,2.21312119628057,2.5196635494644
50,37,13,9,6,4.3068031497605,2.21312119628057,2.09368195347993
50,38,12,9,6,4.3068031497605,2.21312119628057,2.09368195347993
50,39,11,9,5,3.86273233640795,2.21312119628057,1.64961114012738
50,40,10,10,5,4.1529782534104,2.50336711328302,1.64961114012738
50,41,9,10,4,3.75112825997915,2.50336711328302,1.24776114669613
50,42,8,10,4,3.75112825997915,2.50336711328302,1.24776114669613
50,43,7,10,3,3.3675538963502,2.50336711328302,0.864186783067182
50,44,6,11,3,3.69783734871717,2.83365056564999,0.864186783067182
50,45,5,11,2,3.26839613239738,2.83365056564999,0.434745566747388
50,46,4,11,2,3.26839613239738,2.83365056564999,0.434745566747388
50,47,3,11,1,2.94609141808565,2.83365056564999,0.112440852435657
50,48,2,12,1,3.24135867119564,3.12891781875998,0.112440852435657
50,49,1,12,0,3.12891781875998,3.12891781875998,0
50,50,0,12,0,3.12891781875998,3.12891781875998,0
